Game ID,Week,Date,Venue,Home Team,Home Team ID,Q1 Home Score,Q2 Home Score,Q3 Home Score,Q4 Home Score,Home OT Score,Home Total Score,Away Team,Away Team ID,Q1 Away Score,Q2 Away Score,Q3 Away Score,Q4 Away Score,Away OT Score,Away Total Score,Home ML,Away ML,Home Spreads,Away Spreads,Totals,Home Total,Home Total Over,Home Total Under,Away Total,Away Total Over,Away Total Under,1st Half Home ML,1st Half Away ML,1st Half Home Spreads,1st Half Away Spreads,1st Half Totals,1st Qtr Home ML,1st Qtr Away ML
13186,Week 1,9/6/24,GEHA Field at Arrowhead Stadium,Kansas City Chiefs,17,7,6,7,7,,27,Baltimore Ravens,5,7,3,0,10,,20,1.65,2.25,"[['Spread', 'Odds'], ['-0.5', '1.67'], ['+0.5', '1.62'], ['-1.5', '1.75'], ['-2.5', '1.77'], ['-4.5', '2.20'], ['-3.5', '2.10']]","[['Spread', 'Odds'], ['-0.5', '2.15'], ['+0.5', '2.25'], ['-1.5', '2.05'], ['-2.5', '2.00'], ['-4.5', '1.65'], ['-3.5', '1.70']]","[['Total', 'Over', 'Under'], ['45.5', '1.77', '2.00'], ['44.5', '1.70', '2.10'], ['46.5', '1.80', '1.97'], ['47.5', '1.95', '1.83'], ['48.5', '2.10', '1.70']]",7.5,1.85,7.2,23.5,1.72,2,2.1,4.2,"[['Spread', 'Odds'], ['21.5', '1.83'], ['22.5', '1.85']]","[['Spread', 'Odds'], ['21.5', '1.87'], ['22.5', '1.85']]","[['Total', 'Over', 'Under'], ['22.5', '1.80', '1.90'], ['23.5', '1.90', '1.80']]",2.1,4.4
13187,Week 1,9/7/24,Corinthians Arena,Philadelphia Eagles,12,0,17,14,3,,34,Green Bay Packers,15,6,13,7,3,,29,1.81,2.12,"[['Spread', 'Odds'], ['-1', '1.85'], ['+1', '1.77'], ['-1.5', '1.89'], ['+1.5', '1.72'], ['-2', '1.95'], ['-3', '2.22'], ['-2.5', '2.01'], ['-4', '2.49'], ['-4.5', '2.59'], ['-3.5', '2.42'], ['-5', '2.65']]","[['Spread', 'Odds'], ['-1', '2.03'], ['+1', '2.14'], ['-1.5', '1.99'], ['+1.5', '2.21'], ['-2', '1.94'], ['-3', '1.74'], ['-2.5', '1.89'], ['-4', '1.58'], ['-4.5', '1.54'], ['-3.5', '1.62'], ['-5', '1.52']]","[['Total', 'Over', 'Under'], ['50.5', '2.10', '1.79'], ['51.5', '2.25', '1.69'], ['46.5', '1.63', '2.37'], ['49.5', '1.95', '1.91'], ['51', '2.18', '1.74'], ['49', '1.90', '1.99'], ['50', '2.03', '1.85'], ['47', '1.68', '2.29'], ['47.5', '1.72', '2.20'], ['48.5', '1.83', '2.04'], ['48', '1.78', '2.12']]",24.5,1.89,1.96,23.5,1.76,2.12,1.92,1.92,"[['Spread', 'Odds'], ['-0.5', '2.01'], ['+0.5', '1.71'], ['-1.5', '2.10'], ['+1.5', '1.66'], ['-3', '2.37'], ['-2.5', '2.15'], ['-4', '2.78'], ['-4.5', '2.91'], ['-3.5', '2.55']]","[['Spread', 'Odds'], ['-0.5', '1.85'], ['+0.5', '2.21'], ['-1.5', '1.79'], ['+1.5', '2.30'], ['-3', '1.63'], ['-2.5', '1.77'], ['-4', '1.47'], ['-4.5', '1.43'], ['-3.5', '1.55']]","[['Total', 'Over', 'Under'], ['26.5', '2.14', '1.75'], ['22.5', '1.57', '2.45'], ['26', '2.09', '1.78'], ['25.5', '2.04', '1.82'], ['24.5', '2.00', '1.85'], ['24', '1.85', '2.02'], ['23', '1.63', '2.32'], ['22', '1.56', '2.48'], ['23.5', '1.72', '2.18']]",1.92,1.92
13188,Week 1,9/8/24,Mercedes-Benz Stadium,Atlanta Falcons,8,3,7,0,0,,10,Pittsburgh Steelers,22,3,6,6,3,,18,1.51,2.75,"[['Spread', 'Odds'], ['-1', '1.53'], ['+1', '1.51'], ['-1.5', '1.56'], ['-2', '1.59'], ['-3', '1.72'], ['-2.5', '1.62'], ['-4', '1.95'], ['-4.5', '2.04'], ['-3.5', '1.87'], ['-5', '2.08'], ['-5.5', '2.14'], ['-6', '2.22']]","[['Spread', 'Odds'], ['-1', '2.61'], ['+1', '2.70'], ['-1.5', '2.54'], ['-2', '2.48'], ['-3', '2.24'], ['-2.5', '2.43'], ['-4', '1.94'], ['-4.5', '1.86'], ['-3.5', '2.04'], ['-5', '1.81'], ['-5.5', '1.78'], ['-6', '1.72']]","[['Total', 'Over', 'Under'], ['39.5', '1.66', '2.31'], ['41.5', '1.88', '2.00'], ['43.5', '2.15', '1.76'], ['42.5', '2.00', '1.87'], ['44.5', '2.31', '1.66'], ['40.5', '1.76', '2.15'], ['44', '2.23', '1.70'], ['40', '1.71', '2.23'], ['41', '1.81', '2.07'], ['43', '2.07', '1.81'], ['42', '1.94', '1.94']]",23.5,2.03,1.83,20.5,2.33,1.64,1.93,1.91,"[['Spread', 'Odds'], ['-0.5', '1.72'], ['+0.5', '1.47'], ['-1.5', '1.78'], ['+1.5', '1.44'], ['-3', '1.98'], ['-2.5', '1.82'], ['-4', '2.33'], ['-4.5', '2.45'], ['-3.5', '2.16']]","[['Spread', 'Odds'], ['-0.5', '2.20'], ['+0.5', '2.78'], ['-1.5', '2.11'], ['+1.5', '2.89'], ['-3', '1.89'], ['-2.5', '2.08'], ['-4', '1.64'], ['-4.5', '1.58'], ['-3.5', '1.74']]","[['Total', 'Over', 'Under'], ['20.5', '1.87', '2.01'], ['21.5', '2.06', '1.80'], ['18.5', '1.58', '2.43'], ['19.5', '1.62', '2.36'], ['22.5', '2.15', '1.74'], ['21', '1.96', '1.89'], ['22', '2.11', '1.76'], ['20', '1.72', '2.19'], ['19', '1.60', '2.40']]",1.93,1.91
13189,Week 1,9/8/24,Highmark Stadium,Buffalo Bills,20,0,10,14,10,,34,Arizona Cardinals,11,7,10,0,11,,28,1.34,3.51,"[['Spread', 'Odds'], ['-4', '1.57'], ['-4.5', '1.67'], ['-3.5', '1.59'], ['-5', '1.70'], ['-5.5', '1.75'], ['-9.5', '2.37'], ['-7.5', '2.17'], ['-8.5', '2.29'], ['-6', '1.82'], ['-7', '2.03'], ['-8', '2.24'], ['-9', '2.33'], ['-6.5', '1.90']]","[['Spread', 'Odds'], ['-4', '2.51'], ['-4.5', '2.31'], ['-3.5', '2.48'], ['-5', '2.24'], ['-5.5', '2.17'], ['-9.5', '1.64'], ['-7.5', '1.76'], ['-8.5', '1.68'], ['-6', '2.09'], ['-7', '1.88'], ['-8', '1.71'], ['-9', '1.65'], ['-6.5', '2.00']]","[['Total', 'Over', 'Under'], ['50.5', '2.38', '1.62'], ['45.5', '1.76', '2.14'], ['44.5', '1.67', '2.30'], ['46.5', '1.88', '1.99'], ['49.5', '2.32', '1.66'], ['49', '2.24', '1.70'], ['50', '2.29', '1.67'], ['47', '1.95', '1.93'], ['46', '1.82', '2.07'], ['47.5', '2.01', '1.87'], ['45', '1.71', '2.22'], ['48.5', '2.16', '1.75'], ['48', '2.08', '1.81']]",27.5,1.97,1.88,20.5,2.07,1.8,1.91,1.93,"[['Spread', 'Odds'], ['-0.5', '1.51'], ['-1.5', '1.56'], ['-3', '1.69'], ['-2.5', '1.60'], ['-4', '1.95'], ['-4.5', '2.08'], ['-3.5', '1.84'], ['-7.5', '2.74'], ['-6', '2.20'], ['-7', '2.55'], ['-6.5', '2.27']]","[['Spread', 'Odds'], ['-0.5', '2.64'], ['-1.5', '2.53'], ['-3', '2.24'], ['-2.5', '2.42'], ['-4', '1.92'], ['-4.5', '1.83'], ['-3.5', '2.03'], ['-7.5', '1.48'], ['-6', '1.72'], ['-7', '1.55'], ['-6.5', '1.68']]","[['Total', 'Over', 'Under'], ['26.5', '2.34', '1.62'], ['22.5', '1.68', '2.24'], ['26', '2.29', '1.65'], ['25.5', '2.23', '1.68'], ['24.5', '2.19', '1.71'], ['24', '2.03', '1.85'], ['23', '1.76', '2.12'], ['22', '1.65', '2.30'], ['23.5', '1.87', '1.99']]",1.91,1.93
13190,Week 1,9/8/24,Soldier Field,Chicago Bears,16,0,3,7,14,,24,Tennessee Titans,6,7,10,0,0,,17,1.51,2.73,"[['Spread', 'Odds'], ['-1', '1.60'], ['-1.5', '1.56'], ['-2', '1.58'], ['-3', '1.71'], ['-2.5', '1.61'], ['-4', '1.95'], ['-4.5', '2.04'], ['-3.5', '1.86'], ['-5', '2.09'], ['-5.5', '2.15'], ['-6', '2.23'], ['-6.5', '2.33']]","[['Spread', 'Odds'], ['-1', '2.46'], ['-1.5', '2.54'], ['-2', '2.48'], ['-3', '2.24'], ['-2.5', '2.44'], ['-4', '1.95'], ['-4.5', '1.87'], ['-3.5', '2.04'], ['-5', '1.81'], ['-5.5', '1.76'], ['-6', '1.71'], ['-6.5', '1.66']]","[['Total', 'Over', 'Under'], ['43.5', '1.88', '1.99'], ['42.5', '1.76', '2.14'], ['45.5', '2.16', '1.75'], ['44.5', '2.02', '1.87'], ['46.5', '2.33', '1.65'], ['47', '2.42', '1.61'], ['46', '2.24', '1.70'], ['44', '1.94', '1.92'], ['45', '2.08', '1.81'], ['43', '1.82', '2.06'], ['42', '1.71', '2.21']]",23.5,1.81,2.06,19.5,1.79,2.08,1.92,1.92,"[['Spread', 'Odds'], ['-0.5', '1.71'], ['+0.5', '1.48'], ['-1.5', '1.78'], ['-3', '1.98'], ['-2.5', '1.81'], ['-4', '2.30'], ['-4.5', '2.43'], ['-3.5', '2.15'], ['-6', '2.62']]","[['Spread', 'Odds'], ['-0.5', '2.20'], ['+0.5', '2.75'], ['-1.5', '2.12'], ['-3', '1.91'], ['-2.5', '2.08'], ['-4', '1.66'], ['-4.5', '1.60'], ['-3.5', '1.76'], ['-6', '1.52']]","[['Total', 'Over', 'Under'], ['20.5', '1.72', '2.18'], ['21.5', '1.88', '1.96'], ['22.5', '1.98', '1.89'], ['21', '1.79', '2.07'], ['24.5', '2.68', '1.49'], ['24', '2.49', '1.56'], ['23', '2.10', '1.78'], ['22', '1.92', '1.92'], ['23.5', '2.22', '1.69']]",1.92,1.92
13191,Week 1,9/8/24,Paycor Stadium,Cincinnati Bengals,10,0,0,7,3,,10,New England Patriots,3,0,10,3,3,,16,1.26,4.22,"[['Spread', 'Odds'], ['-5', '1.60'], ['-5.5', '1.63'], ['-9.5', '2.17'], ['-7.5', '1.96'], ['-8.5', '2.09'], ['-10', '2.27'], ['-6', '1.68'], ['-7', '1.85'], ['-8', '2.03'], ['-9', '2.12'], ['-10.5', '2.36'], ['-6.5', '1.74'], ['-11', '2.42'], ['-11.5', '2.48']]","[['Spread', 'Odds'], ['-5', '2.45'], ['-5.5', '2.38'], ['-9.5', '1.75'], ['-7.5', '1.94'], ['-8.5', '1.81'], ['-10', '1.69'], ['-6', '2.29'], ['-7', '2.06'], ['-8', '1.88'], ['-9', '1.79'], ['-10.5', '1.64'], ['-6.5', '2.21'], ['-11', '1.61'], ['-11.5', '1.59']]","[['Total', 'Over', 'Under'], ['37.5', '1.61', '2.41'], ['38.5', '1.67', '2.30'], ['39.5', '1.77', '2.14'], ['41.5', '2.01', '1.86'], ['43.5', '2.32', '1.65'], ['42.5', '2.16', '1.75'], ['40.5', '1.88', '1.99'], ['40', '1.82', '2.06'], ['41', '1.95', '1.93'], ['43', '2.24', '1.70'], ['42', '2.08', '1.81'], ['38', '1.66', '2.32'], ['39', '1.71', '2.22']]",26.5,2.16,1.74,16.5,2.05,1.82,1.92,1.92,"[['Spread', 'Odds'], ['-3', '1.62'], ['-4', '1.84'], ['-4.5', '1.94'], ['-3.5', '1.76'], ['-7.5', '2.61'], ['-8.5', '2.70'], ['-6', '2.07'], ['-7', '2.40'], ['-6.5', '2.14']]","[['Spread', 'Odds'], ['-3', '2.37'], ['-4', '2.03'], ['-4.5', '1.92'], ['-3.5', '2.13'], ['-7.5', '1.52'], ['-8.5', '1.50'], ['-6', '1.83'], ['-7', '1.61'], ['-6.5', '1.76']]","[['Total', 'Over', 'Under'], ['20.5', '1.92', '1.92'], ['21.5', '2.19', '1.72'], ['19.5', '1.68', '2.25'], ['22.5', '2.28', '1.66'], ['21', '2.08', '1.81'], ['23', '2.46', '1.57'], ['22', '2.24', '1.68'], ['20', '1.78', '2.09'], ['19', '1.65', '2.29']]",1.92,1.92
13192,Week 1,9/8/24,Lucas Oil Stadium,Indianapolis Colts,21,7,0,6,14,,27,Houston Texans,26,6,6,3,14,,29,2.41,1.64,"[['Spread', 'Odds'], ['-1', '2.44'], ['+1', '2.29'], ['-1.5', '2.47'], ['+1.5', '2.23'], ['+2', '2.18'], ['+3', '1.93'], ['+2.5', '2.12'], ['+3.5', '1.77'], ['+4', '1.71'], ['+4.5', '1.66']]","[['Spread', 'Odds'], ['-1', '1.60'], ['+1', '1.68'], ['-1.5', '1.59'], ['+1.5', '1.71'], ['+2', '1.75'], ['+3', '1.97'], ['+2.5', '1.80'], ['+3.5', '2.16'], ['+4', '2.24'], ['+4.5', '2.33']]","[['Total', 'Over', 'Under'], ['50.5', '2.18', '1.74'], ['51.5', '2.35', '1.64'], ['46.5', '1.68', '2.28'], ['49.5', '2.03', '1.85'], ['51', '2.26', '1.68'], ['49', '1.97', '1.92'], ['50', '2.10', '1.79'], ['47', '1.72', '2.20'], ['47.5', '1.78', '2.12'], ['48.5', '1.90', '1.97'], ['48', '1.83', '2.04']]",23.5,1.99,1.86,24.5,1.83,2.03,1.92,1.92,"[['Spread', 'Odds'], ['-0.5', '2.45'], ['+0.5', '2.03'], ['-1.5', '2.54'], ['+1.5', '1.93'], ['-3', '2.97'], ['+3', '1.75'], ['+2.5', '1.90'], ['-2.5', '2.60'], ['+3.5', '1.64']]","[['Spread', 'Odds'], ['-0.5', '1.60'], ['+0.5', '1.87'], ['-1.5', '1.55'], ['+1.5', '1.93'], ['-3', '1.42'], ['+3', '2.15'], ['+2.5', '1.96'], ['-2.5', '1.53'], ['+3.5', '2.33']]","[['Total', 'Over', 'Under'], ['26.5', '2.29', '1.65'], ['22.5', '1.66', '2.27'], ['26', '2.24', '1.68'], ['25.5', '2.18', '1.71'], ['24.5', '2.15', '1.74'], ['24', '1.98', '1.88'], ['23', '1.72', '2.16'], ['22', '1.64', '2.31'], ['23.5', '1.83', '2.04']]",1.92,1.92
13193,Week 1,9/8/24,Hard Rock Stadium,Miami Dolphins,25,0,7,7,6,,20,Jacksonville Jaguars,2,7,10,0,0,,17,1.54,2.65,"[['Spread', 'Odds'], ['-1', '1.57'], ['-1.5', '1.59'], ['-2', '1.62'], ['-3', '1.78'], ['-2.5', '1.65'], ['-4', '2.03'], ['-4.5', '2.12'], ['-3.5', '1.95'], ['-5', '2.16'], ['-5.5', '2.23'], ['-6', '2.31']]","[['Spread', 'Odds'], ['-1', '2.53'], ['-1.5', '2.47'], ['-2', '2.40'], ['-3', '2.16'], ['-2.5', '2.36'], ['-4', '1.87'], ['-4.5', '1.79'], ['-3.5', '1.95'], ['-5', '1.76'], ['-5.5', '1.71'], ['-6', '1.67']]","[['Total', 'Over', 'Under'], ['50.5', '2.06', '1.83'], ['51.5', '2.21', '1.72'], ['49.5', '1.92', '1.96'], ['51', '2.13', '1.77'], ['49', '1.86', '2.01'], ['50', '1.98', '1.88'], ['47', '1.65', '2.33'], ['47.5', '1.69', '2.25'], ['48.5', '1.80', '2.09'], ['52', '2.29', '1.67'], ['48', '1.75', '2.16']]",27.5,1.95,1.9,22.5,1.78,2.11,1.92,1.92,"[['Spread', 'Odds'], ['-0.5', '1.71'], ['+0.5', '1.50'], ['-1.5', '1.78'], ['+1.5', '1.46'], ['-3', '1.96'], ['-2.5', '1.81'], ['-4', '2.27'], ['-4.5', '2.39'], ['-3.5', '2.12']]","[['Spread', 'Odds'], ['-0.5', '2.21'], ['+0.5', '2.70'], ['-1.5', '2.12'], ['+1.5', '2.81'], ['-3', '1.91'], ['-2.5', '2.09'], ['-4', '1.68'], ['-4.5', '1.61'], ['-3.5', '1.77']]","[['Total', 'Over', 'Under'], ['26.5', '2.14', '1.75'], ['22.5', '1.58', '2.44'], ['26', '2.09', '1.78'], ['27', '2.29', '1.65'], ['25.5', '2.05', '1.82'], ['24.5', '2.01', '1.86'], ['24', '1.85', '2.01'], ['23', '1.64', '2.32'], ['23.5', '1.71', '2.18']]",1.91,1.93
13194,Week 1,9/8/24,Caesars Superdome,New Orleans Saints,27,17,13,7,10,,47,Carolina Panthers,19,0,3,7,0,,10,1.52,2.7,"[['Spread', 'Odds'], ['-1', '1.55'], ['-1.5', '1.57'], ['-2', '1.60'], ['-3', '1.75'], ['-2.5', '1.63'], ['-4', '2.00'], ['-4.5', '2.09'], ['-3.5', '1.92'], ['-5', '2.15'], ['-5.5', '2.22'], ['-6', '2.30'], ['-6.5', '2.48']]","[['Spread', 'Odds'], ['-1', '2.58'], ['-1.5', '2.51'], ['-2', '2.44'], ['-3', '2.19'], ['-2.5', '2.39'], ['-4', '1.89'], ['-4.5', '1.82'], ['-3.5', '1.99'], ['-5', '1.77'], ['-5.5', '1.72'], ['-6', '1.67'], ['-6.5', '1.59']]","[['Total', 'Over', 'Under'], ['39.5', '1.72', '2.21'], ['41.5', '1.96', '1.92'], ['43.5', '2.25', '1.69'], ['42.5', '2.10', '1.79'], ['40.5', '1.83', '2.05'], ['44', '2.34', '1.64'], ['40', '1.78', '2.13'], ['41', '1.89', '1.98'], ['43', '2.17', '1.75'], ['42', '2.02', '1.85'], ['39', '1.68', '2.29']]",22.5,1.88,1.97,17.5,1.81,2.05,1.92,1.92,"[['Spread', 'Odds'], ['-0.5', '1.75'], ['+0.5', '1.48'], ['-1.5', '1.81'], ['-3', '2.03'], ['-2.5', '1.85'], ['-4', '2.38'], ['-4.5', '2.51'], ['-3.5', '2.22'], ['-6', '2.71']]","[['Spread', 'Odds'], ['-0.5', '2.15'], ['+0.5', '2.73'], ['-1.5', '2.07'], ['-3', '1.86'], ['-2.5', '2.03'], ['-4', '1.62'], ['-4.5', '1.56'], ['-3.5', '1.71'], ['-6', '1.49']]","[['Total', 'Over', 'Under'], ['20.5', '1.95', '1.92'], ['21.5', '2.15', '1.74'], ['18.5', '1.64', '2.31'], ['19.5', '1.68', '2.25'], ['22.5', '2.26', '1.67'], ['21', '2.05', '1.81'], ['22', '2.21', '1.70'], ['20', '1.79', '2.08'], ['19', '1.65', '2.28']]",1.92,1.92
13195,Week 1,9/8/24,MetLife Stadium,New York Giants,4,3,0,3,0,,6,Minnesota Vikings,32,7,7,14,0,,28,2.08,1.84,"[['Spread', 'Odds'], ['-1', '2.14'], ['+1', '2.00'], ['-1.5', '2.19'], ['+1.5', '1.93'], ['+2', '1.88'], ['-2', '2.23'], ['-3', '2.50'], ['+3', '1.69'], ['+2.5', '1.83'], ['-2.5', '2.29'], ['+3.5', '1.59']]","[['Spread', 'Odds'], ['-1', '1.79'], ['+1', '1.90'], ['-1.5', '1.75'], ['+1.5', '1.96'], ['+2', '2.00'], ['-2', '1.71'], ['-3', '1.58'], ['+3', '2.26'], ['+2.5', '2.05'], ['-2.5', '1.68'], ['+3.5', '2.47']]","[['Total', 'Over', 'Under'], ['38.5', '1.62', '2.38'], ['39.5', '1.72', '2.21'], ['41.5', '1.94', '1.92'], ['43.5', '2.24', '1.70'], ['42.5', '2.09', '1.80'], ['40.5', '1.83', '2.05'], ['40', '1.77', '2.13'], ['41', '1.89', '2.00'], ['43', '2.17', '1.75'], ['42', '2.02', '1.85'], ['39', '1.67', '2.30']]",20.5,1.97,1.88,20.5,1.82,2.04,1.92,1.92,"[['Spread', 'Odds'], ['-0.5', '2.24'], ['+0.5', '1.83'], ['-1.5', '2.32'], ['+1.5', '1.76'], ['-3', '2.70'], ['+3', '1.58'], ['+2.5', '1.73'], ['-2.5', '2.36'], ['+3.5', '1.50']]","[['Spread', 'Odds'], ['-0.5', '1.70'], ['+0.5', '2.08'], ['-1.5', '1.65'], ['+1.5', '2.14'], ['-3', '1.49'], ['+3', '2.46'], ['+2.5', '2.18'], ['-2.5', '1.63'], ['+3.5', '2.68']]","[['Total', 'Over', 'Under'], ['20.5', '2.04', '1.83'], ['21.5', '2.25', '1.67'], ['18.5', '1.70', '2.21'], ['19.5', '1.74', '2.14'], ['22.5', '2.36', '1.61'], ['21', '2.15', '1.74'], ['22', '2.32', '1.64'], ['20', '1.87', '1.98'], ['19', '1.71', '2.18']]",1.92,1.92
13196,Week 1,9/8/24,SoFi Stadium,Los Angeles Chargers,30,3,3,3,13,,22,Las Vegas Raiders,1,7,0,0,3,,10,1.64,2.41,"[['Spread', 'Odds'], ['-1', '1.68'], ['+1', '1.60'], ['-1.5', '1.71'], ['-2', '1.76'], ['-3', '2.00'], ['-2.5', '1.81'], ['-4', '2.27'], ['-4.5', '2.34'], ['-3.5', '2.20'], ['-5', '2.40'], ['-5.5', '2.46']]","[['Spread', 'Odds'], ['-1', '2.29'], ['+1', '2.45'], ['-1.5', '2.23'], ['-2', '2.17'], ['-3', '1.91'], ['-2.5', '2.10'], ['-4', '1.69'], ['-4.5', '1.65'], ['-3.5', '1.75'], ['-5', '1.62'], ['-5.5', '1.60']]","[['Total', 'Over', 'Under'], ['37.5', '1.69', '2.26'], ['38.5', '1.79', '2.10'], ['39.5', '1.91', '1.96'], ['36.5', '1.59', '2.47'], ['41.5', '2.19', '1.73'], ['42.5', '2.36', '1.63'], ['40.5', '2.04', '1.84'], ['40', '1.98', '1.91'], ['41', '2.12', '1.78'], ['42', '2.28', '1.68'], ['38', '1.74', '2.18'], ['37', '1.63', '2.37'], ['39', '1.85', '2.03']]",23.5,2.3,1.65,19.5,1.99,1.86,1.91,1.93,"[['Spread', 'Odds'], ['-0.5', '1.85'], ['+0.5', '1.54'], ['-1.5', '1.92'], ['+1.5', '1.51'], ['-3', '2.18'], ['-2.5', '1.96'], ['-4', '2.60'], ['-4.5', '2.73'], ['-3.5', '2.39']]","[['Spread', 'Odds'], ['-0.5', '2.01'], ['+0.5', '2.56'], ['-1.5', '1.94'], ['+1.5', '2.66'], ['-3', '1.74'], ['-2.5', '1.92'], ['-4', '1.53'], ['-4.5', '1.48'], ['-3.5', '1.62']]","[['Total', 'Over', 'Under'], ['20.5', '2.27', '1.68'], ['21.5', '2.50', '1.55'], ['18.5', '1.84', '2.01'], ['19.5', '1.89', '1.95'], ['22.5', '2.63', '1.51'], ['21', '2.41', '1.60'], ['22', '2.58', '1.52'], ['20', '2.07', '1.80'], ['19', '1.87', '1.98']]",1.89,1.94
13197,Week 1,9/8/24,Lumen Field,Seattle Seahawks,23,3,6,10,7,,26,Denver Broncos,28,3,10,0,7,,20,1.38,3.27,"[['Spread', 'Odds'], ['-4', '1.68'], ['-4.5', '1.73'], ['-3.5', '1.62'], ['-5', '1.78'], ['-5.5', '1.83'], ['-7.5', '2.28'], ['-8.5', '2.42'], ['-6', '1.91'], ['-7', '2.14'], ['-8', '2.35'], ['-6.5', '2.01']]","[['Spread', 'Odds'], ['-4', '2.30'], ['-4.5', '2.20'], ['-3.5', '2.39'], ['-5', '2.15'], ['-5.5', '2.09'], ['-7.5', '1.68'], ['-8.5', '1.61'], ['-6', '1.99'], ['-7', '1.78'], ['-8', '1.64'], ['-6.5', '1.89']]","[['Total', 'Over', 'Under'], ['39.5', '1.65', '2.33'], ['41.5', '1.86', '2.01'], ['43.5', '2.13', '1.77'], ['42.5', '1.99', '1.88'], ['44.5', '2.30', '1.67'], ['40.5', '1.75', '2.16'], ['44', '2.22', '1.71'], ['40', '1.70', '2.24'], ['41', '1.80', '2.09'], ['43', '2.06', '1.82'], ['42', '1.93', '1.95']]",23.5,1.79,2.07,17.5,2.05,1.82,1.92,1.92,"[['Spread', 'Odds'], ['-0.5', '1.59'], ['-1.5', '1.64'], ['-3', '1.79'], ['-2.5', '1.66'], ['-4', '2.09'], ['-4.5', '2.20'], ['-3.5', '1.97'], ['-6', '2.36'], ['-6.5', '2.44']]","[['Spread', 'Odds'], ['-0.5', '2.44'], ['-1.5', '2.34'], ['-3', '2.10'], ['-2.5', '2.30'], ['-4', '1.80'], ['-4.5', '1.71'], ['-3.5', '1.92'], ['-6', '1.63'], ['-6.5', '1.59']]","[['Total', 'Over', 'Under'], ['20.5', '1.88', '1.97'], ['21.5', '2.10', '1.78'], ['19.5', '1.63', '2.33'], ['22.5', '2.19', '1.71'], ['21', '2.00', '1.88'], ['23', '2.35', '1.62'], ['22', '2.14', '1.74'], ['20', '1.74', '2.15'], ['19', '1.61', '2.37']]",1.93,1.91
13198,Week 1,9/8/24,Huntington Bank Field,Cleveland Browns,9,3,0,7,7,,17,Dallas Cowboys,29,7,13,10,3,,33,1.78,2.16,"[['Spread', 'Odds'], ['-1', '1.83'], ['+1', '1.75'], ['-1.5', '1.88'], ['+1.5', '1.70'], ['-2', '1.92'], ['-3', '2.19'], ['-2.5', '1.99'], ['-4', '2.46'], ['-4.5', '2.55'], ['-3.5', '2.38'], ['-5', '2.61']]","[['Spread', 'Odds'], ['-1', '2.06'], ['+1', '2.18'], ['-1.5', '2.02'], ['+1.5', '2.24'], ['-2', '1.97'], ['-3', '1.75'], ['-2.5', '1.92'], ['-4', '1.60'], ['-4.5', '1.56'], ['-3.5', '1.64'], ['-5', '1.54']]","[['Total', 'Over', 'Under'], ['38.5', '1.72', '2.21'], ['39.5', '1.76', '2.14'], ['41.5', '2.01', '1.88'], ['43.5', '2.32', '1.65'], ['42.5', '2.15', '1.75'], ['40.5', '1.88', '2.00'], ['44', '2.41', '1.61'], ['40', '1.82', '2.07'], ['41', '1.94', '1.92'], ['43', '2.23', '1.70'], ['42', '2.07', '1.81'], ['38', '1.68', '2.29'], ['39', '1.71', '2.22']]",21.5,2.08,1.79,22.5,2.31,1.65,1.91,1.93,"[['Spread', 'Odds'], ['-0.5', '1.96'], ['+0.5', '1.63'], ['-1.5', '2.04'], ['+1.5', '1.59'], ['-3', '2.32'], ['+2.5', '1.57'], ['-2.5', '2.07'], ['-4', '2.78'], ['-3.5', '2.54']]","[['Spread', 'Odds'], ['-0.5', '1.91'], ['+0.5', '2.36'], ['-1.5', '1.85'], ['+1.5', '2.45'], ['-3', '1.65'], ['+2.5', '2.50'], ['-2.5', '1.81'], ['-4', '1.47'], ['-3.5', '1.55']]","[['Total', 'Over', 'Under'], ['20.5', '1.98', '1.88'], ['21.5', '2.18', '1.71'], ['18.5', '1.66', '2.28'], ['19.5', '1.70', '2.21'], ['22.5', '2.29', '1.65'], ['21', '2.08', '1.79'], ['22', '2.24', '1.68'], ['20', '1.82', '2.05'], ['19', '1.68', '2.25']]",1.93,1.91
13199,Week 1,9/8/24,Raymond James Stadium,Tampa Bay Buccaneers,24,6,10,7,14,,37,Washington Commanders,18,0,7,7,6,,20,1.52,2.72,"[['Spread', 'Odds'], ['-1', '1.55'], ['+1', '1.53'], ['-1.5', '1.57'], ['-2', '1.60'], ['-3', '1.74'], ['-2.5', '1.62'], ['-4', '1.99'], ['-4.5', '2.07'], ['-3.5', '1.90'], ['-5', '2.12'], ['-5.5', '2.18'], ['-6', '2.26']]","[['Spread', 'Odds'], ['-1', '2.59'], ['+1', '2.63'], ['-1.5', '2.52'], ['-2', '2.45'], ['-3', '2.21'], ['-2.5', '2.41'], ['-4', '1.91'], ['-4.5', '1.83'], ['-3.5', '2.00'], ['-5', '1.79'], ['-5.5', '1.75'], ['-6', '1.69']]","[['Total', 'Over', 'Under'], ['41.5', '1.76', '2.14'], ['43.5', '2.01', '1.86'], ['42.5', '1.89', '2.00'], ['45.5', '2.37', '1.63'], ['44.5', '2.16', '1.75'], ['40.5', '1.67', '2.30'], ['46', '2.46', '1.59'], ['44', '2.08', '1.81'], ['40', '1.62', '2.39'], ['45', '2.24', '1.70'], ['41', '1.71', '2.22'], ['43', '1.94', '1.92'], ['42', '1.83', '2.06']]",23.5,1.9,1.95,18.5,1.91,1.94,1.92,1.92,"[['Spread', 'Odds'], ['-0.5', '1.71'], ['+0.5', '1.47'], ['-1.5', '1.77'], ['+1.5', '1.44'], ['-3', '1.96'], ['-2.5', '1.81'], ['-4', '2.30'], ['-4.5', '2.43'], ['-3.5', '2.14']]","[['Spread', 'Odds'], ['-0.5', '2.21'], ['+0.5', '2.78'], ['-1.5', '2.13'], ['+1.5', '2.90'], ['-3', '1.91'], ['-2.5', '2.10'], ['-4', '1.66'], ['-4.5', '1.60'], ['-3.5', '1.75']]","[['Total', 'Over', 'Under'], ['20.5', '1.85', '2.01'], ['21.5', '2.05', '1.81'], ['19.5', '1.61', '2.36'], ['22.5', '2.14', '1.74'], ['21', '1.95', '1.92'], ['23', '2.27', '1.66'], ['22', '2.09', '1.78'], ['20', '1.71', '2.19'], ['19', '1.60', '2.41']]",1.92,1.92
13200,Week 1,9/9/24,Ford Field,Detroit Lions,7,0,10,7,3,6,26,Los Angeles Rams,31,3,0,7,10,0,20,1.43,3.03,"[['Spread', 'Odds'], ['-1', '1.50'], ['-1.5', '1.53'], ['-2', '1.51'], ['-3', '1.60'], ['-2.5', '1.53'], ['-4', '1.78'], ['-4.5', '1.84'], ['-3.5', '1.71'], ['-5', '1.89'], ['-5.5', '1.95'], ['-7.5', '2.40'], ['-6', '2.04'], ['-7', '2.24'], ['-8', '2.47'], ['-6.5', '2.12']]","[['Spread', 'Odds'], ['-1', '2.70'], ['-1.5', '2.63'], ['-2', '2.68'], ['-3', '2.44'], ['-2.5', '2.62'], ['-4', '2.13'], ['-4.5', '2.05'], ['-3.5', '2.24'], ['-5', '2.00'], ['-5.5', '1.95'], ['-7.5', '1.62'], ['-6', '1.87'], ['-7', '1.70'], ['-8', '1.59'], ['-6.5', '1.79']]","[['Total', 'Over', 'Under'], ['50.5', '1.68', '2.28'], ['51.5', '1.68', '2.27'], ['52.5', '1.79', '2.11'], ['55.5', '2.19', '1.73'], ['53.5', '1.92', '1.97'], ['54.5', '2.04', '1.83'], ['49.5', '1.61', '2.41'], ['53', '1.85', '2.03'], ['54', '1.97', '1.90'], ['51', '1.64', '2.35'], ['49', '1.75', '2.16'], ['50', '1.63', '2.37'], ['48.5', '1.70', '2.23'], ['52', '1.74', '2.18'], ['55', '2.11', '1.78'], ['56', '2.27', '1.68']]",27.5,1.68,2.24,23.5,1.81,2.06,1.9,1.93,"[['Spread', 'Odds'], ['-0.5', '1.60'], ['+0.5', '1.42'], ['-1.5', '1.65'], ['-3', '1.79'], ['-2.5', '1.68'], ['-4', '2.07'], ['-4.5', '2.18'], ['-3.5', '1.96'], ['-6', '2.33'], ['-6.5', '2.41']]","[['Spread', 'Odds'], ['-0.5', '2.44'], ['+0.5', '2.99'], ['-1.5', '2.32'], ['-3', '2.10'], ['-2.5', '2.27'], ['-4', '1.81'], ['-4.5', '1.73'], ['-3.5', '1.92'], ['-6', '1.64'], ['-6.5', '1.61']]","[['Total', 'Over', 'Under'], ['26.5', '1.83', '2.04'], ['22.5', '1.43', '2.87'], ['28.5', '2.23', '1.68'], ['26', '1.79', '2.09'], ['27', '1.96', '1.89'], ['27.5', '2.10', '1.78'], ['25.5', '1.75', '2.13'], ['28', '2.17', '1.72'], ['24.5', '1.72', '2.17'], ['24', '1.60', '2.40'], ['23', '1.46', '2.76'], ['23.5', '1.53', '2.57']]",1.91,1.93
13201,Week 1,9/10/24,Levi's Stadium,San Francisco 49ers,14,3,13,10,6,,32,New York Jets,13,7,0,6,6,,19,1.54,2.66,"[['Spread', 'Odds'], ['-1', '1.57'], ['-1.5', '1.60'], ['-2', '1.63'], ['-3', '1.78'], ['-2.5', '1.65'], ['-4', '2.04'], ['-4.5', '2.13'], ['-3.5', '1.95'], ['-5', '2.19'], ['-5.5', '2.25'], ['-6', '2.35'], ['-6.5', '2.46']]","[['Spread', 'Odds'], ['-1', '2.52'], ['-1.5', '2.47'], ['-2', '2.39'], ['-3', '2.15'], ['-2.5', '2.35'], ['-4', '1.86'], ['-4.5', '1.79'], ['-3.5', '1.95'], ['-5', '1.74'], ['-5.5', '1.70'], ['-6', '1.65'], ['-6.5', '1.60']]","[['Total', 'Over', 'Under'], ['41.5', '1.76', '2.15'], ['43.5', '2.01', '1.88'], ['42.5', '1.87', '2.00'], ['45.5', '2.32', '1.66'], ['44.5', '2.15', '1.76'], ['46', '2.41', '1.61'], ['44', '2.07', '1.81'], ['45', '2.23', '1.70'], ['41', '1.71', '2.22'], ['43', '1.93', '1.93'], ['42', '1.81', '2.07']]",24.5,2.22,1.69,19.5,1.88,1.97,1.92,1.92,"[['Spread', 'Odds'], ['-0.5', '1.73'], ['+0.5', '1.48'], ['-1.5', '1.79'], ['-3', '1.99'], ['-2.5', '1.82'], ['-4', '2.32'], ['-4.5', '2.45'], ['-3.5', '2.17'], ['-6', '2.64']]","[['Spread', 'Odds'], ['-0.5', '2.18'], ['+0.5', '2.74'], ['-1.5', '2.10'], ['-3', '1.89'], ['-2.5', '2.07'], ['-4', '1.65'], ['-4.5', '1.59'], ['-3.5', '1.75'], ['-6', '1.51']]","[['Total', 'Over', 'Under'], ['20.5', '1.87', '1.99'], ['21.5', '2.08', '1.79'], ['19.5', '1.63', '2.33'], ['22.5', '2.17', '1.72'], ['21', '1.98', '1.89'], ['23', '2.34', '1.62'], ['22', '2.12', '1.75'], ['20', '1.74', '2.15'], ['19', '1.60', '2.39']]",1.9,1.94
13202,Week 2,9/13/24,Hard Rock Stadium,Miami Dolphins,25,,,,,,,Buffalo Bills,20,,,,,,,1.81,2.1,"[['Spread', 'Odds'], ['-1', '1.86'], ['+1', '1.76'], ['-1.5', '1.93'], ['+1.5', '1.72'], ['+2', '1.68'], ['-2', '1.98'], ['-3', '2.20'], ['+2.5', '1.64'], ['-2.5', '2.02'], ['-4', '2.49'], ['-3.5', '2.39']]","[['Spread', 'Odds'], ['-1', '2.02'], ['+1', '2.15'], ['-1.5', '1.95'], ['+1.5', '2.20'], ['+2', '2.27'], ['-2', '1.90'], ['-3', '1.71'], ['+2.5', '2.33'], ['-2.5', '1.85'], ['-4', '1.57'], ['-3.5', '1.61']]","[['Total', 'Over', 'Under'], ['50.5', '2.13', '1.76'], ['51.5', '2.30', '1.65'], ['52.5', '2.26', '1.68'], ['53.5', '2.29', '1.64'], ['49.5', '2.00', '1.88'], ['53', '2.34', '1.63'], ['51', '2.21', '1.70'], ['49', '1.92', '1.93'], ['50', '2.05', '1.81'], ['47', '1.70', '2.22'], ['47.5', '1.75', '2.14'], ['48.5', '1.85', '2.00'], ['52', '2.38', '1.61'], ['48', '1.80', '2.07']]",26.5,2.02,1.84,24.5,2.12,1.76,1.83,2.08,"[['Spread', 'Odds'], ['-0.5', '1.99'], ['+0.5', '1.69'], ['-1.5', '2.06'], ['+1.5', '1.64'], ['-3', '2.32'], ['+3', '1.50'], ['+2.5', '1.61'], ['-2.5', '2.09'], ['-3.5', '2.51']]","[['Spread', 'Odds'], ['-0.5', '1.89'], ['+0.5', '2.26'], ['-1.5', '1.83'], ['+1.5', '2.34'], ['-3', '1.65'], ['+3', '2.70'], ['+2.5', '2.39'], ['-2.5', '1.79'], ['-3.5', '1.56']]","[['Total', 'Over', 'Under'], ['26.5', '2.30', '1.65'], ['22.5', '1.70', '2.20'], ['26', '2.25', '1.67'], ['27', '2.47', '1.56'], ['25.5', '2.20', '1.71'], ['24.5', '2.17', '1.75'], ['24', '2.00', '1.85'], ['23', '1.77', '2.10'], ['23.5', '1.85', '1.99']]",1.85,2.03
13203,Week 2,9/15/24,AT&T Stadium,Dallas Cowboys,29,,,,,,,New Orleans Saints,27,,,,,,,1.36,3.34,"[['Spread', 'Odds'], ['-4', '1.66'], ['-4.5', '1.71'], ['-3.5', '1.58'], ['-5', '1.75'], ['-5.5', '1.79'], ['-7.5', '2.23'], ['-8.5', '2.36'], ['-6', '1.86'], ['-7', '2.09'], ['-8', '2.30'], ['-9', '2.41'], ['-6.5', '1.95']]","[['Spread', 'Odds'], ['-4', '2.30'], ['-4.5', '2.21'], ['-3.5', '2.46'], ['-5', '2.15'], ['-5.5', '2.11'], ['-7.5', '1.70'], ['-8.5', '1.63'], ['-6', '2.02'], ['-7', '1.81'], ['-8', '1.66'], ['-9', '1.61'], ['-6.5', '1.93']]","[['Total', 'Over', 'Under'], ['43.5', '1.68', '2.24'], ['42.5', '1.70', '2.22'], ['45.5', '1.92', '1.95'], ['44.5', '1.79', '2.08'], ['46.5', '2.04', '1.82'], ['47', '2.12', '1.77'], ['46', '1.97', '1.88'], ['47.5', '2.19', '1.71'], ['44', '1.74', '2.16'], ['45', '1.85', '2.01'], ['43', '1.64', '2.32'], ['42', '1.65', '2.30'], ['48', '2.27', '1.67']]",25.5,1.86,2,19.5,1.9,1.95,1.45,2.91,"[['Spread', 'Odds'], ['-0.5', '1.58'], ['-1.5', '1.62'], ['-3', '1.77'], ['-2.5', '1.65'], ['-4', '2.05'], ['-4.5', '2.16'], ['-3.5', '1.94'], ['-6', '2.31'], ['-6.5', '2.39']]","[['Spread', 'Odds'], ['-0.5', '2.47'], ['-1.5', '2.37'], ['-3', '2.13'], ['-2.5', '2.32'], ['-4', '1.83'], ['-4.5', '1.74'], ['-3.5', '1.94'], ['-6', '1.65'], ['-6.5', '1.62']]","[['Total', 'Over', 'Under'], ['20.5', '1.65', '2.29'], ['21.5', '1.82', '2.05'], ['22.5', '1.89', '1.96'], ['21', '1.72', '2.18'], ['24', '2.28', '1.66'], ['23', '1.98', '1.87'], ['22', '1.86', '2.02'], ['23.5', '2.07', '1.79'], ['20', '1.55', '2.52']]",1.48,2.75
13204,Week 2,9/15/24,Ford Field,Detroit Lions,7,,,,,,,Tampa Bay Buccaneers,24,,,,,,,1.32,3.61,"[['Spread', 'Odds'], ['-4', '1.63'], ['-4.5', '1.61'], ['-5', '1.64'], ['-5.5', '1.67'], ['-9.5', '2.29'], ['-7.5', '2.09'], ['-8.5', '2.21'], ['-6', '1.73'], ['-7', '1.93'], ['-8', '2.14'], ['-9', '2.25'], ['-6.5', '1.80']]","[['Spread', 'Odds'], ['-4', '2.35'], ['-4.5', '2.41'], ['-5', '2.34'], ['-5.5', '2.28'], ['-9.5', '1.67'], ['-7.5', '1.81'], ['-8.5', '1.71'], ['-6', '2.20'], ['-7', '1.95'], ['-8', '1.76'], ['-9', '1.69'], ['-6.5', '2.10']]","[['Total', 'Over', 'Under'], ['50.5', '1.83', '2.03'], ['51.5', '1.95', '1.90'], ['52.5', '2.09', '1.79'], ['53.5', '2.24', '1.68'], ['49.5', '1.72', '2.19'], ['53', '2.17', '1.73'], ['51', '1.89', '1.97'], ['49', '1.67', '2.27'], ['50', '1.77', '2.11'], ['48.5', '1.62', '2.35'], ['52', '2.02', '1.84']]",28.5,1.89,1.96,21.5,1.98,1.87,1.41,3.06,"[['Spread', 'Odds'], ['-1.5', '1.57'], ['-3', '1.69'], ['-2.5', '1.60'], ['-4', '1.94'], ['-4.5', '2.05'], ['-3.5', '1.83'], ['-6', '2.17'], ['-7', '2.50'], ['-6.5', '2.24']]","[['Spread', 'Odds'], ['-1.5', '2.49'], ['-3', '2.25'], ['-2.5', '2.44'], ['-4', '1.94'], ['-4.5', '1.83'], ['-3.5', '2.04'], ['-6', '1.74'], ['-7', '1.56'], ['-6.5', '1.69']]","[['Total', 'Over', 'Under'], ['26.5', '2.10', '1.77'], ['22.5', '1.59', '2.42'], ['26', '2.06', '1.80'], ['27', '2.24', '1.68'], ['25.5', '2.02', '1.84'], ['24.5', '1.99', '1.88'], ['24', '1.83', '2.02'], ['23', '1.64', '2.31'], ['23.5', '1.71', '2.18']]",1.49,2.74
13205,Week 2,9/15/24,Lambeau Field,Green Bay Packers,15,,,,,,,Indianapolis Colts,21,,,,,,,2.5,1.58,"[['Spread', 'Odds'], ['-1', '2.66'], ['+1', '2.40'], ['+1.5', '2.34'], ['+2', '2.28'], ['+3', '2.03'], ['+2.5', '2.23'], ['+3.5', '1.85'], ['+4', '1.78'], ['+4.5', '1.71'], ['+5.5', '1.64'], ['+5', '1.67'], ['+6.5', '1.63'], ['+6', '1.63']]","[['Spread', 'Odds'], ['-1', '1.51'], ['+1', '1.61'], ['+1.5', '1.64'], ['+2', '1.67'], ['+3', '1.85'], ['+2.5', '1.71'], ['+3.5', '2.05'], ['+4', '2.14'], ['+4.5', '2.22'], ['+5.5', '2.35'], ['+5', '2.28'], ['+6.5', '2.35'], ['+6', '2.36']]","[['Total', 'Over', 'Under'], ['38.5', '1.71', '2.20'], ['39.5', '1.82', '2.05'], ['41.5', '2.07', '1.80'], ['43.5', '2.41', '1.60'], ['42.5', '2.23', '1.69'], ['40.5', '1.93', '1.92'], ['40', '1.88', '1.98'], ['41', '2.01', '1.86'], ['43', '2.32', '1.64'], ['42', '2.15', '1.74'], ['39', '1.76', '2.12']]",19.5,1.99,1.87,21.5,1.96,1.88,2.41,1.62,"[['Spread', 'Odds'], ['-0.5', '2.63'], ['+0.5', '2.09'], ['-1.5', '2.74'], ['+1.5', '2.02'], ['+3', '1.81'], ['+2.5', '1.99'], ['+3.5', '1.67'], ['+4', '1.58'], ['+4.5', '1.53']]","[['Spread', 'Odds'], ['-0.5', '1.52'], ['+0.5', '1.79'], ['-1.5', '1.48'], ['+1.5', '1.85'], ['+3', '2.08'], ['+2.5', '1.89'], ['+3.5', '2.28'], ['+4', '2.47'], ['+4.5', '2.61']]","[['Total', 'Over', 'Under'], ['20.5', '2.04', '1.84'], ['21.5', '2.26', '1.67'], ['18.5', '1.73', '2.15'], ['19.5', '1.78', '2.09'], ['22.5', '2.37', '1.61'], ['21', '2.15', '1.74'], ['22', '2.32', '1.64'], ['20', '1.89', '1.96'], ['19', '1.75', '2.13']]",2.2,1.72
13206,Week 2,9/15/24,Nissan Stadium,Tennessee Titans,6,,,,,,,New York Jets,13,,,,,,,2.67,1.5,"[['Spread', 'Odds'], [None, '2.57'], [None, '1.78']]","[['Spread', 'Odds'], [None, '9.50']]","[['Total', 'Over', 'Under'], ['-0.5', '2.50', '1.50'], ['+0.5', '2.50', '1.50'], ['-1.5', '2.75', '1.42'], ['+1.5', '2.45', '1.52'], ['+2.5', '2.35', '1.55'], ['-2.5', '2.87', '1.39'], ['-4.5', '3.65', '1.25'], ['-3.5', '3.40', '1.29'], ['+3.5', '1.91', '1.83'], ['+4.5', '1.85', '1.90'], ['-5.5', '3.85', '1.23'], ['-9.5', '5.50', '1.13'], ['-7.5', '4.90', '1.15'], ['-8.5', '5.30', '1.14'], ['-10.5', '6.10', '1.10'], ['-6.5', '4.20', '1.20'], ['-11.5', '6.30', '1.10'], ['+5.5', '1.78', '1.95'], ['+6.5', '1.70', '2.07'], ['+8.5', '1.50', '2.50'], ['+7.5', '1.53', '2.40'], ['+9.5', '1.47', '2.57'], ['+11.5', '1.36', '3.00'], ['+10.5', '1.39', '2.85'], ['+12.5', '1.33', '3.15'], ['+13.5', '1.29', '3.35'], ['+14.5', '1.24', '3.75'], ['+17.5', '1.17', '4.70'], ['+15.5', '1.22', '4.00'], ['+16.5', '1.20', '4.25'], ['+18.5', '1.15', '5.10'], ['+19.5', '1.13', '5.30']]",19.5,1.47,2.5,20.5,1.95,1.85,1.85,1.95,"[['Spread', 'Odds'], [None, '15.50'], ['Half', '2.10']]","[['Spread', 'Odds'], ['Half', '1.90']]","[['Total', 'Over', 'Under'], ['37.5', '1.45', '2.65'], ['38.5', '1.50', '2.50'], ['39.5', '1.55', '2.37'], ['35.5', '1.33', '3.15'], ['36.5', '1.37', '2.92'], ['41.5', '1.70', '2.07'], ['43.5', '1.90', '1.85'], ['42.5', '1.87', '1.87'], ['50.5', '2.80', '1.40'], ['51.5', '3.05', '1.35'], ['52.5', '3.20', '1.32'], ['55.5', '4.00', '1.22'], ['53.5', '3.45', '1.28'], ['58.5', '5.00', '1.15'], ['54.5', '3.70', '1.25'], ['57.5', '4.60', '1.17'], ['56.5', '4.20', '1.20'], ['45.5', '2.07', '1.70'], ['44.5', '2.00', '1.75'], ['46.5', '2.20', '1.62'], ['40.5', '1.62', '2.22'], ['49.5', '2.62', '1.45'], ['47.5', '2.35', '1.55'], ['48.5', '2.47', '1.50'], ['28.5', '1.11', '5.80'], ['34.5', '1.30', '3.35'], ['29.5', '1.14', '5.20'], ['31.5', '1.20', '4.30'], ['33.5', '1.26', '3.60'], ['30.5', '1.17', '4.65'], ['32.5', '1.22', '4.05']]",2.55,1.45
13207,Week 2,9/15/24,U.S. Bank Stadium,Minnesota Vikings,32,,,,,,,San Francisco 49ers,14,,,,,,,2.87,1.45,"[['Spread', 'Odds'], [None, '2.62'], [None, '1.72']]","[['Spread', 'Odds'], [None, '10.00']]","[['Total', 'Over', 'Under'], ['-0.5', '3.05', '1.35'], ['+0.5', '3.00', '1.36'], ['-1.5', '3.00', '1.36'], ['+1.5', '2.65', '1.44'], ['+2.5', '2.55', '1.47'], ['-2.5', '3.15', '1.33'], ['-4.5', '4.00', '1.22'], ['-3.5', '3.70', '1.25'], ['+3.5', '2.07', '1.70'], ['+4.5', '1.98', '1.78'], ['-5.5', '4.25', '1.20'], ['-9.5', '6.00', '1.11'], ['-7.5', '5.40', '1.13'], ['-8.5', '5.80', '1.11'], ['-6.5', '4.60', '1.17'], ['+5.5', '1.85', '1.90'], ['+6.5', '1.78', '1.95'], ['+8.5', '1.57', '2.30'], ['+7.5', '1.62', '2.20'], ['+9.5', '1.55', '2.35'], ['+11.5', '1.42', '2.72'], ['+10.5', '1.45', '2.60'], ['+12.5', '1.39', '2.85'], ['+13.5', '1.35', '3.05'], ['+14.5', '1.29', '3.40'], ['+17.5', '1.20', '4.15'], ['+15.5', '1.26', '3.60'], ['+16.5', '1.24', '3.80'], ['+18.5', '1.18', '4.50'], ['+19.5', '1.16', '4.75'], ['+20.5', '1.14', '5.10'], ['+21.5', '1.13', '5.50']]",26.5,2.35,1.53,20.5,1.83,1.98,1.9,1.91,"[['Spread', 'Odds'], [None, '16.00'], ['Half', '2.10']]","[['Spread', 'Odds'], ['Half', '1.88']]","[['Total', 'Over', 'Under'], ['37.5', '1.35', '3.00'], ['38.5', '1.39', '2.85'], ['39.5', '1.44', '2.67'], ['35.5', '1.26', '3.65'], ['36.5', '1.29', '3.40'], ['41.5', '1.57', '2.32'], ['43.5', '1.70', '2.07'], ['42.5', '1.60', '2.25'], ['50.5', '2.47', '1.50'], ['51.5', '2.67', '1.44'], ['52.5', '2.82', '1.40'], ['55.5', '3.45', '1.28'], ['53.5', '3.00', '1.36'], ['58.5', '4.30', '1.20'], ['54.5', '3.20', '1.32'], ['57.5', '3.95', '1.22'], ['56.5', '3.65', '1.26'], ['60.5', '4.85', '1.16'], ['45.5', '1.88', '1.87'], ['44.5', '1.80', '1.95'], ['46.5', '1.91', '1.83'], ['40.5', '1.50', '2.50'], ['49.5', '2.32', '1.57'], ['47.5', '2.07', '1.70'], ['48.5', '2.20', '1.62'], ['61.5', '5.00', '1.15'], ['59.5', '4.55', '1.18'], ['34.5', '1.23', '3.90'], ['31.5', '1.15', '5.00'], ['33.5', '1.20', '4.20'], ['30.5', '1.13', '5.40'], ['32.5', '1.16', '4.75']]",2.22,1.6
13208,Week 2,9/15/24,Gillette Stadium,New England Patriots,3,,,,,,,Seattle Seahawks,23,,,,,,,2.55,1.56,"[['Spread', 'Odds'], ['-1', '2.66'], ['+1', '2.43'], ['+1.5', '2.36'], ['+2', '2.29'], ['+3', '2.05'], ['+2.5', '2.25'], ['+3.5', '1.87'], ['+4', '1.79'], ['+4.5', '1.73'], ['+5.5', '1.65'], ['+5', '1.69'], ['+6', '1.60']]","[['Spread', 'Odds'], ['-1', '1.51'], ['+1', '1.60'], ['+1.5', '1.63'], ['+2', '1.66'], ['+3', '1.84'], ['+2.5', '1.69'], ['+3.5', '2.03'], ['+4', '2.11'], ['+4.5', '2.19'], ['+5.5', '2.32'], ['+5', '2.25'], ['+6', '2.41']]","[['Total', 'Over', 'Under'], ['37.5', '1.88', '1.97'], ['38.5', '2.01', '1.85'], ['39.5', '2.16', '1.74'], ['35.5', '1.67', '2.27'], ['36.5', '1.77', '2.11'], ['41.5', '2.38', '1.61'], ['42.5', '2.44', '1.59'], ['40.5', '2.33', '1.64'], ['40', '2.25', '1.68'], ['41', '2.30', '1.65'], ['42', '2.35', '1.63'], ['38', '1.96', '1.91'], ['36', '1.72', '2.19'], ['37', '1.83', '2.04'], ['39', '2.09', '1.79']]",18.5,2.15,1.75,20.5,1.92,1.92,2.34,1.66,"[['Spread', 'Odds'], ['-0.5', '2.58'], ['+0.5', '2.03'], ['-1.5', '2.68'], ['+1.5', '1.97'], ['+3', '1.75'], ['+2.5', '1.92'], ['-2.5', '2.74'], ['+3.5', '1.63'], ['+4', '1.54']]","[['Spread', 'Odds'], ['-0.5', '1.53'], ['+0.5', '1.85'], ['-1.5', '1.50'], ['+1.5', '1.92'], ['+3', '2.15'], ['+2.5', '1.93'], ['-2.5', '1.48'], ['+3.5', '2.36'], ['+4', '2.56']]","[['Total', 'Over', 'Under'], ['20.5', '2.19', '1.72'], ['21.5', '2.45', '1.57'], ['18.5', '1.85', '1.99'], ['19.5', '1.91', '1.94'], ['17.5', '1.83', '2.02'], ['21', '2.33', '1.63'], ['22', '2.53', '1.54'], ['20', '2.06', '1.83'], ['19', '1.88', '1.96']]",2.21,1.72
13209,Week 2,9/15/24,Northwest Stadium,Washington Commanders,18,,,,,,,New York Giants,4,,,,,,,1.71,2.24,"[['Spread', 'Odds'], ['-1', '1.75'], ['+1', '1.68'], ['-1.5', '1.79'], ['+1.5', '1.61'], ['-2', '1.83'], ['-3', '2.09'], ['-2.5', '1.88'], ['-4', '2.36'], ['-4.5', '2.43'], ['-3.5', '2.28'], ['-5', '2.50']]","[['Spread', 'Odds'], ['-1', '2.15'], ['+1', '2.28'], ['-1.5', '2.09'], ['+1.5', '2.40'], ['-2', '2.05'], ['-3', '1.82'], ['-2.5', '2.00'], ['-4', '1.64'], ['-4.5', '1.60'], ['-3.5', '1.68'], ['-5', '1.57']]","[['Total', 'Over', 'Under'], ['38.5', '1.62', '2.35'], ['39.5', '1.64', '2.31'], ['41.5', '1.67', '2.28'], ['43.5', '1.88', '1.97'], ['42.5', '1.77', '2.11'], ['45.5', '2.15', '1.74'], ['44.5', '2.01', '1.85'], ['40.5', '1.57', '2.46'], ['44', '1.94', '1.91'], ['40', '1.69', '2.23'], ['45', '2.08', '1.79'], ['41', '1.62', '2.37'], ['43', '1.83', '2.05'], ['42', '1.71', '2.20'], ['39', '1.67', '2.27']]",21.5,1.85,2.01,19.5,1.7,2.21,1.74,2.2,"[['Spread', 'Odds'], ['-0.5', '1.92'], ['+0.5', '1.61'], ['-1.5', '1.99'], ['+1.5', '1.57'], ['-3', '2.23'], ['+2.5', '1.55'], ['-2.5', '2.02'], ['-4', '2.64'], ['-3.5', '2.43']]","[['Spread', 'Odds'], ['-0.5', '1.95'], ['+0.5', '2.40'], ['-1.5', '1.90'], ['+1.5', '2.49'], ['-3', '1.70'], ['+2.5', '2.54'], ['-2.5', '1.86'], ['-4', '1.52'], ['-3.5', '1.60']]","[['Total', 'Over', 'Under'], ['20.5', '1.83', '2.06'], ['21.5', '2.00', '1.85'], ['18.5', '1.58', '2.45'], ['19.5', '1.61', '2.37'], ['22.5', '2.10', '1.77'], ['21', '1.91', '1.94'], ['22', '2.05', '1.81'], ['20', '1.69', '2.22'], ['19', '1.59', '2.41']]",1.75,2.16
13210,Week 2,9/15/24,Bank of America Stadium,Carolina Panthers,19,,,,,,,Los Angeles Chargers,30,,,,,,,3.29,1.37,"[['Spread', 'Odds'], ['+2', '2.83'], ['+3', '2.55'], ['+2.5', '2.76'], ['+3.5', '2.31'], ['+4', '2.29'], ['+4.5', '2.20'], ['+5.5', '2.08'], ['+5', '2.14'], ['+6.5', '1.92'], ['+8.5', '1.63'], ['+7.5', '1.70'], ['+6', '2.00'], ['+7', '1.80'], ['+8', '1.66'], ['+9', '1.61']]","[['Spread', 'Odds'], ['+2', '1.45'], ['+3', '1.55'], ['+2.5', '1.48'], ['+3.5', '1.66'], ['+4', '1.66'], ['+4.5', '1.72'], ['+5.5', '1.81'], ['+5', '1.76'], ['+6.5', '1.97'], ['+8.5', '2.36'], ['+7.5', '2.24'], ['+6', '1.88'], ['+7', '2.10'], ['+8', '2.29'], ['+9', '2.40']]","[['Total', 'Over', 'Under'], ['37.5', '1.76', '2.12'], ['38.5', '1.87', '1.98'], ['39.5', '2.01', '1.86'], ['41.5', '2.32', '1.64'], ['40.5', '2.15', '1.74'], ['40', '2.07', '1.80'], ['41', '2.23', '1.69'], ['42', '2.41', '1.60'], ['38', '1.81', '2.05'], ['37', '1.71', '2.20'], ['39', '1.93', '1.92']]",16.5,1.92,1.92,21.5,1.87,1.99,2.83,1.47,"[['Spread', 'Odds'], ['-0.5', '3.07'], ['+0.5', '2.37'], ['+1.5', '2.28'], ['+3', '2.06'], ['+2.5', '2.25'], ['+3.5', '1.86'], ['+4', '1.75'], ['+4.5', '1.68'], ['+6', '1.60']]","[['Spread', 'Odds'], ['-0.5', '1.40'], ['+0.5', '1.62'], ['+1.5', '1.67'], ['+3', '1.84'], ['+2.5', '1.70'], ['+3.5', '2.02'], ['+4', '2.15'], ['+4.5', '2.27'], ['+6', '2.44']]","[['Total', 'Over', 'Under'], ['20.5', '2.04', '1.82'], ['21.5', '2.28', '1.65'], ['18.5', '1.75', '2.13'], ['19.5', '1.79', '2.08'], ['17.5', '1.72', '2.16'], ['21', '2.17', '1.72'], ['22', '2.35', '1.62'], ['20', '1.92', '1.95'], ['19', '1.77', '2.10']]",2.43,1.6
13211,Week 2,9/15/24,EverBank Stadium,Jacksonville Jaguars,2,,,,,,,Cleveland Browns,9,,,,,,,1.57,2.54,"[['Spread', 'Odds'], ['-1', '1.60'], ['+1', '1.54'], ['-1.5', '1.62'], ['-2', '1.66'], ['-3', '1.83'], ['-2.5', '1.69'], ['-4', '2.12'], ['-4.5', '2.19'], ['-3.5', '2.03'], ['-5', '2.24'], ['-5.5', '2.30'], ['-6', '2.39'], ['-6.5', '2.34']]","[['Spread', 'Odds'], ['-1', '2.44'], ['+1', '2.56'], ['-1.5', '2.37'], ['-2', '2.31'], ['-3', '2.06'], ['-2.5', '2.26'], ['-4', '1.79'], ['-4.5', '1.73'], ['-3.5', '1.86'], ['-5', '1.69'], ['-5.5', '1.66'], ['-6', '1.61'], ['-6.5', '1.64']]","[['Total', 'Over', 'Under'], ['39.5', '1.73', '2.17'], ['41.5', '1.97', '1.89'], ['43.5', '2.27', '1.67'], ['42.5', '2.11', '1.77'], ['44.5', '2.27', '1.67'], ['40.5', '1.84', '2.02'], ['44', '2.35', '1.62'], ['40', '1.79', '2.09'], ['45', '2.36', '1.62'], ['41', '1.90', '1.95'], ['43', '2.19', '1.72'], ['42', '2.03', '1.83'], ['39', '1.68', '2.24']]",22.5,1.91,1.94,20.5,2.32,1.64,1.6,2.47,"[['Spread', 'Odds'], ['-0.5', '1.76'], ['+0.5', '1.50'], ['-1.5', '1.82'], ['+1.5', '1.46'], ['-3', '2.03'], ['-2.5', '1.86'], ['-4', '2.39'], ['-4.5', '2.52'], ['-3.5', '2.22']]","[['Spread', 'Odds'], ['-0.5', '2.14'], ['+0.5', '2.69'], ['-1.5', '2.06'], ['+1.5', '2.80'], ['-3', '1.85'], ['-2.5', '2.03'], ['-4', '1.61'], ['-4.5', '1.56'], ['-3.5', '1.70']]","[['Total', 'Over', 'Under'], ['20.5', '1.92', '1.93'], ['21.5', '2.13', '1.76'], ['19.5', '1.69', '2.22'], ['22.5', '2.23', '1.68'], ['21', '2.03', '1.85'], ['23', '2.38', '1.61'], ['22', '2.18', '1.71'], ['20', '1.79', '2.07'], ['19', '1.67', '2.25']]",1.65,2.33
13212,Week 2,9/15/24,M&T Bank Stadium,Baltimore Ravens,5,,,,,,,Las Vegas Raiders,1,,,,,,,1.22,4.58,"[['Spread', 'Odds'], ['-5.5', '1.50'], ['-9.5', '1.91'], ['-7.5', '1.74'], ['-8.5', '1.83'], ['-10', '2.00'], ['-6', '1.54'], ['-7', '1.65'], ['-8', '1.78'], ['-9', '1.87'], ['-10.5', '2.09'], ['-6.5', '1.58'], ['-11', '2.15'], ['-11.5', '2.21'], ['-12', '2.26']]","[['Spread', 'Odds'], ['-5.5', '2.67'], ['-9.5', '1.98'], ['-7.5', '2.18'], ['-8.5', '2.05'], ['-10', '1.88'], ['-6', '2.57'], ['-7', '2.32'], ['-8', '2.10'], ['-9', '2.02'], ['-10.5', '1.80'], ['-6.5', '2.47'], ['-11', '1.75'], ['-11.5', '1.71'], ['-12', '1.68']]","[['Total', 'Over', 'Under'], ['39.5', '1.70', '2.22'], ['41.5', '1.93', '1.93'], ['43.5', '2.22', '1.70'], ['42.5', '2.06', '1.81'], ['44.5', '2.27', '1.67'], ['40.5', '1.81', '2.06'], ['44', '2.30', '1.65'], ['40', '1.75', '2.14'], ['45', '2.35', '1.63'], ['41', '1.86', '1.99'], ['43', '2.14', '1.75'], ['42', '1.99', '1.86'], ['39', '1.65', '2.30']]",25.5,1.85,2.01,16.5,2.03,1.83,1.31,3.65,"[['Spread', 'Odds'], ['-3', '1.53'], ['-2.5', '1.46'], ['-4', '1.72'], ['-4.5', '1.83'], ['-3.5', '1.66'], ['-7.5', '2.40'], ['-6', '1.91'], ['-7', '2.20'], ['-6.5', '1.98']]","[['Spread', 'Odds'], ['-3', '2.60'], ['-2.5', '2.80'], ['-4', '2.20'], ['-4.5', '2.08'], ['-3.5', '2.30'], ['-7.5', '1.61'], ['-6', '1.96'], ['-7', '1.72'], ['-6.5', '1.88']]","[['Total', 'Over', 'Under'], ['20.5', '1.79', '2.08'], ['21.5', '2.00', '1.85'], ['19.5', '1.60', '2.40'], ['22.5', '2.08', '1.78'], ['21', '1.90', '1.97'], ['23', '2.20', '1.70'], ['22', '2.04', '1.81'], ['20', '1.67', '2.25'], ['19', '1.58', '2.45']]",1.38,3.2
13213,Week 2,9/15/24,State Farm Stadium,Arizona Cardinals,11,,,,,,,Los Angeles Rams,31,,,,,,,1.85,2.04,"[['Spread', 'Odds'], ['-1', '1.91'], ['+1', '1.81'], ['-1.5', '1.96'], ['+1.5', '1.78'], ['+2', '1.74'], ['-2', '2.02'], ['-3', '2.26'], ['+3', '1.59'], ['+2.5', '1.70'], ['-2.5', '2.06'], ['-3.5', '2.47']]","[['Spread', 'Odds'], ['-1', '1.98'], ['+1', '2.08'], ['-1.5', '1.92'], ['+1.5', '2.13'], ['+2', '2.17'], ['-2', '1.85'], ['-3', '1.68'], ['+3', '2.44'], ['+2.5', '2.23'], ['-2.5', '1.81'], ['-3.5', '1.58']]","[['Total', 'Over', 'Under'], ['50.5', '2.03', '1.83'], ['51.5', '2.18', '1.72'], ['49.5', '1.91', '1.96'], ['51', '2.11', '1.78'], ['49', '1.84', '2.02'], ['50', '1.96', '1.89'], ['47', '1.64', '2.33'], ['47.5', '1.68', '2.25'], ['48.5', '1.78', '2.09'], ['52', '2.26', '1.68'], ['48', '1.73', '2.17']]",24.5,1.94,1.91,24.5,2.05,1.82,1.92,1.97,"[['Spread', 'Odds'], ['-0.5', '2.10'], ['+0.5', '1.77'], ['-1.5', '2.17'], ['+1.5', '1.71'], ['-3', '2.45'], ['+3', '1.55'], ['+2.5', '1.68'], ['-2.5', '2.20'], ['-3.5', '2.64']]","[['Spread', 'Odds'], ['-0.5', '1.81'], ['+0.5', '2.13'], ['-1.5', '1.75'], ['+1.5', '2.22'], ['-3', '1.58'], ['+3', '2.54'], ['+2.5', '2.26'], ['-2.5', '1.71'], ['-3.5', '1.51']]","[['Total', 'Over', 'Under'], ['21.5', '1.61', '2.38'], ['22.5', '1.66', '2.27'], ['26', '2.18', '1.72'], ['25.5', '2.12', '1.75'], ['24.5', '2.08', '1.79'], ['24', '1.93', '1.92'], ['23', '1.72', '2.17'], ['22', '1.63', '2.33'], ['23.5', '1.81', '2.07']]",1.87,2.01
13214,Week 2,9/15/24,Empower Field at Mile High,Denver Broncos,28,,,,,,,Pittsburgh Steelers,22,,,,,,,2.38,1.64,"[['Spread', 'Odds'], ['-1', '2.41'], ['+1', '2.27'], ['+1.5', '2.21'], ['+2', '2.15'], ['+3', '1.88'], ['+2.5', '2.10'], ['+3.5', '1.72'], ['+4', '1.68'], ['+4.5', '1.63'], ['+5.5', '1.57'], ['+5', '1.60']]","[['Spread', 'Odds'], ['-1', '1.61'], ['+1', '1.68'], ['+1.5', '1.71'], ['+2', '1.76'], ['+3', '2.00'], ['+2.5', '1.80'], ['+3.5', '2.21'], ['+4', '2.29'], ['+4.5', '2.36'], ['+5.5', '2.48'], ['+5', '2.42']]","[['Total', 'Over', 'Under'], ['37.5', '2.08', '1.79'], ['38.5', '2.24', '1.69'], ['39.5', '2.26', '1.68'], ['35.5', '1.82', '2.05'], ['36.5', '1.95', '1.92'], ['40', '2.34', '1.63'], ['34.5', '1.71', '2.20'], ['34', '1.67', '2.28'], ['38', '2.16', '1.74'], ['36', '1.88', '1.97'], ['35', '1.76', '2.12'], ['37', '2.01', '1.85'], ['39', '2.32', '1.64']]",16.5,1.85,2,19.5,1.91,1.94,2.29,1.69,"[['Spread', 'Odds'], ['-0.5', '2.53'], ['+0.5', '1.98'], ['-1.5', '2.63'], ['+1.5', '1.93'], ['+3', '1.70'], ['+2.5', '1.89'], ['-2.5', '2.68'], ['+3.5', '1.59'], ['+4', '1.50']]","[['Spread', 'Odds'], ['-0.5', '1.56'], ['+0.5', '1.88'], ['-1.5', '1.52'], ['+1.5', '1.95'], ['+3', '2.22'], ['+2.5', '1.98'], ['-2.5', '1.50'], ['+3.5', '2.45'], ['+4', '2.67']]","[['Total', 'Over', 'Under'], ['18.5', '2.00', '1.86'], ['19.5', '2.05', '1.81'], ['16.5', '1.65', '2.29'], ['17.5', '1.98', '1.89'], ['15.5', '1.57', '2.46'], ['20', '2.22', '1.69'], ['17', '1.79', '2.09'], ['19', '2.02', '1.83'], ['16', '1.60', '2.39']]",2.12,1.78
13215,Week 2,9/15/24,GEHA Field at Arrowhead Stadium,Kansas City Chiefs,17,,,,,,,Cincinnati Bengals,10,,,,,,,1.4,3.11,"[['Spread', 'Odds'], ['-4', '1.74'], ['-4.5', '1.81'], ['-3.5', '1.68'], ['-5', '1.85'], ['-5.5', '1.90'], ['-7.5', '2.37'], ['-8.5', '2.49'], ['-6', '2.00'], ['-7', '2.23'], ['-8', '2.43'], ['-6.5', '2.09']]","[['Spread', 'Odds'], ['-4', '2.16'], ['-4.5', '2.07'], ['-3.5', '2.26'], ['-5', '2.03'], ['-5.5', '1.98'], ['-7.5', '1.62'], ['-8.5', '1.57'], ['-6', '1.89'], ['-7', '1.71'], ['-8', '1.60'], ['-6.5', '1.81']]","[['Total', 'Over', 'Under'], ['50.5', '2.29', '1.66'], ['45.5', '1.79', '2.08'], ['44.5', '1.69', '2.23'], ['46.5', '1.75', '2.15'], ['49.5', '2.13', '1.76'], ['51', '2.38', '1.61'], ['49', '2.05', '1.81'], ['50', '2.21', '1.71'], ['47', '1.80', '2.07'], ['46', '1.69', '2.22'], ['47.5', '1.85', '2.00'], ['45', '1.74', '2.16'], ['48.5', '1.99', '1.88'], ['48', '1.92', '1.93']]",27.5,1.99,1.87,20.5,1.88,1.97,1.49,2.78,"[['Spread', 'Odds'], ['-0.5', '1.61'], ['-1.5', '1.66'], ['-3', '1.81'], ['-2.5', '1.69'], ['-4', '2.11'], ['-4.5', '2.22'], ['-3.5', '1.99'], ['-6', '2.38'], ['-6.5', '2.46']]","[['Spread', 'Odds'], ['-0.5', '2.39'], ['-1.5', '2.29'], ['-3', '2.07'], ['-2.5', '2.25'], ['-4', '1.79'], ['-4.5', '1.70'], ['-3.5', '1.90'], ['-6', '1.62'], ['-6.5', '1.58']]","[['Total', 'Over', 'Under'], ['21.5', '1.71', '2.19'], ['22.5', '1.78', '2.10'], ['21', '1.62', '2.35'], ['25.5', '2.32', '1.64'], ['24.5', '2.27', '1.66'], ['24', '2.11', '1.76'], ['23', '1.86', '2.02'], ['22', '1.74', '2.15'], ['23.5', '1.94', '1.91']]",1.52,2.64
13216,Week 2,9/16/24,NRG Stadium,Houston Texans,26,,,,,,,Chicago Bears,16,,,,,,,1.33,3.52,"[['Spread', 'Odds'], ['-4.5', '1.68'], ['-5', '1.72'], ['-5.5', '1.75'], ['-9.5', '2.39'], ['-7.5', '2.19'], ['-8.5', '2.31'], ['-6', '1.81'], ['-7', '2.04'], ['-8', '2.25'], ['-9', '2.35'], ['-6.5', '1.88']]","[['Spread', 'Odds'], ['-4.5', '2.26'], ['-5', '2.20'], ['-5.5', '2.14'], ['-9.5', '1.62'], ['-7.5', '1.74'], ['-8.5', '1.66'], ['-6', '2.08'], ['-7', '1.86'], ['-8', '1.69'], ['-9', '1.63'], ['-6.5', '2.00']]","[['Total', 'Over', 'Under'], ['43.5', '1.71', '2.21'], ['45.5', '1.94', '1.92'], ['44.5', '1.81', '2.05'], ['46.5', '2.07', '1.79'], ['47', '2.15', '1.75'], ['46', '2.00', '1.85'], ['47.5', '2.23', '1.69'], ['44', '1.76', '2.13'], ['45', '1.88', '1.98'], ['43', '1.66', '2.29'], ['48', '2.31', '1.65']]",26.5,1.85,2.01,19.5,1.86,2,1.43,2.98,"[['Spread', 'Odds'], ['-1.5', '1.60'], ['-3', '1.73'], ['-2.5', '1.62'], ['-4', '2.00'], ['-4.5', '2.11'], ['-3.5', '1.88'], ['-6', '2.24'], ['-7', '2.61'], ['-6.5', '2.31']]","[['Spread', 'Odds'], ['-1.5', '2.42'], ['-3', '2.18'], ['-2.5', '2.37'], ['-4', '1.88'], ['-4.5', '1.79'], ['-3.5', '1.98'], ['-6', '1.69'], ['-7', '1.52'], ['-6.5', '1.65']]","[['Total', 'Over', 'Under'], ['21.5', '1.79', '2.07'], ['22.5', '1.87', '1.99'], ['21', '1.70', '2.21'], ['25.5', '2.47', '1.56'], ['24.5', '2.42', '1.59'], ['24', '2.25', '1.68'], ['23', '1.96', '1.90'], ['22', '1.83', '2.03'], ['23.5', '2.05', '1.81']]",1.47,2.79
13217,Week 2,9/17/24,Lincoln Financial Field,Philadelphia Eagles,12,,,,,,,Atlanta Falcons,8,,,,,,,1.37,3.3,"[['Spread', 'Odds'], ['-4', '1.65'], ['-4.5', '1.70'], ['-3.5', '1.62'], ['-5', '1.74'], ['-5.5', '1.78'], ['-7.5', '2.22'], ['-8.5', '2.35'], ['-6', '1.84'], ['-7', '2.07'], ['-8', '2.28'], ['-9', '2.38'], ['-6.5', '1.93']]","[['Spread', 'Odds'], ['-4', '2.31'], ['-4.5', '2.23'], ['-3.5', '2.37'], ['-5', '2.17'], ['-5.5', '2.13'], ['-7.5', '1.71'], ['-8.5', '1.64'], ['-6', '2.05'], ['-7', '1.82'], ['-8', '1.67'], ['-9', '1.62'], ['-6.5', '1.95']]","[['Total', 'Over', 'Under'], ['50.5', '2.36', '1.62'], ['45.5', '1.77', '2.11'], ['46.5', '1.88', '1.97'], ['49.5', '2.34', '1.63'], ['51', '2.45', '1.58'], ['49', '2.25', '1.68'], ['50', '2.43', '1.59'], ['47', '1.95', '1.90'], ['46', '1.83', '2.04'], ['47.5', '2.03', '1.85'], ['45', '1.72', '2.18'], ['48.5', '2.17', '1.73'], ['48', '2.09', '1.79']]",27.5,1.97,1.88,20.5,1.94,1.91,1.44,2.95,"[['Spread', 'Odds'], ['-0.5', '1.56'], ['-1.5', '1.61'], ['-3', '1.75'], ['-2.5', '1.63'], ['-4', '2.02'], ['-4.5', '2.13'], ['-3.5', '1.91'], ['-6', '2.27'], ['-6.5', '2.35']]","[['Spread', 'Odds'], ['-0.5', '2.51'], ['-1.5', '2.40'], ['-3', '2.17'], ['-2.5', '2.35'], ['-4', '1.85'], ['-4.5', '1.76'], ['-3.5', '1.97'], ['-6', '1.68'], ['-6.5', '1.64']]","[['Total', 'Over', 'Under'], ['21.5', '1.72', '2.18'], ['22.5', '1.78', '2.08'], ['26', '2.41', '1.60'], ['25.5', '2.34', '1.62'], ['24.5', '2.29', '1.65'], ['24', '2.13', '1.76'], ['23', '1.86', '1.99'], ['22', '1.75', '2.13'], ['23.5', '1.96', '1.91']]",1.48,2.78
13218,Week 3,9/20/24,MetLife Stadium,New York Jets,13,,,,,,,New England Patriots,3,,,,,,,,,,,,,,,,,,,,,,,,
13219,Week 3,9/22/24,Huntington Bank Field,Cleveland Browns,9,,,,,,,New York Giants,4,,,,,,,,,,,,,,,,,,,,,,,,
13220,Week 3,9/22/24,Nissan Stadium,Tennessee Titans,6,,,,,,,Green Bay Packers,15,,,,,,,,,,,,,,,,,,,,,,,,
13221,Week 3,9/22/24,Lucas Oil Stadium,Indianapolis Colts,21,,,,,,,Chicago Bears,16,,,,,,,,,,,,,,,,,,,,,,,,
13222,Week 3,9/22/24,U.S. Bank Stadium,Minnesota Vikings,32,,,,,,,Houston Texans,26,,,,,,,,,,,,,,,,,,,,,,,,
13223,Week 3,9/22/24,Caesars Superdome,New Orleans Saints,27,,,,,,,Philadelphia Eagles,12,,,,,,,,,,,,,,,,,,,,,,,,
13224,Week 3,9/22/24,Acrisure Stadium,Pittsburgh Steelers,22,,,,,,,Los Angeles Chargers,30,,,,,,,,,,,,,,,,,,,,,,,,
13225,Week 3,9/22/24,Raymond James Stadium,Tampa Bay Buccaneers,24,,,,,,,Denver Broncos,28,,,,,,,,,,,,,,,,,,,,,,,,
13226,Week 3,9/22/24,Allegiant Stadium,Las Vegas Raiders,1,,,,,,,Carolina Panthers,19,,,,,,,,,,,,,,,,,,,,,,,,
13227,Week 3,9/22/24,Lumen Field,Seattle Seahawks,23,,,,,,,Miami Dolphins,25,,,,,,,,,,,,,,,,,,,,,,,,
13228,Week 3,9/22/24,AT&T Stadium,Dallas Cowboys,29,,,,,,,Baltimore Ravens,5,,,,,,,,,,,,,,,,,,,,,,,,
13229,Week 3,9/22/24,SoFi Stadium,Los Angeles Rams,31,,,,,,,San Francisco 49ers,14,,,,,,,,,,,,,,,,,,,,,,,,
13230,Week 3,9/22/24,State Farm Stadium,Arizona Cardinals,11,,,,,,,Detroit Lions,7,,,,,,,,,,,,,,,,,,,,,,,,
13231,Week 3,9/23/24,Mercedes-Benz Stadium,Atlanta Falcons,8,,,,,,,Kansas City Chiefs,17,,,,,,,,,,,,,,,,,,,,,,,,
13232,Week 3,9/23/24,Highmark Stadium,Buffalo Bills,20,,,,,,,Jacksonville Jaguars,2,,,,,,,,,,,,,,,,,,,,,,,,
13233,Week 3,9/24/24,Paycor Stadium,Cincinnati Bengals,10,,,,,,,Washington Commanders,18,,,,,,,,,,,,,,,,,,,,,,,,
13234,Week 4,9/27/24,MetLife Stadium,New York Giants,4,,,,,,,Dallas Cowboys,29,,,,,,,,,,,,,,,,,,,,,,,,
13235,Week 4,9/29/24,Mercedes-Benz Stadium,Atlanta Falcons,8,,,,,,,New Orleans Saints,27,,,,,,,,,,,,,,,,,,,,,,,,
13236,Week 4,9/29/24,Soldier Field,Chicago Bears,16,,,,,,,Los Angeles Rams,31,,,,,,,,,,,,,,,,,,,,,,,,
13237,Week 4,9/29/24,Lambeau Field,Green Bay Packers,15,,,,,,,Minnesota Vikings,32,,,,,,,,,,,,,,,,,,,,,,,,
13238,Week 4,9/29/24,Lucas Oil Stadium,Indianapolis Colts,21,,,,,,,Pittsburgh Steelers,22,,,,,,,,,,,,,,,,,,,,,,,,
13239,Week 4,9/29/24,MetLife Stadium,New York Jets,13,,,,,,,Denver Broncos,28,,,,,,,,,,,,,,,,,,,,,,,,
13240,Week 4,9/29/24,Raymond James Stadium,Tampa Bay Buccaneers,24,,,,,,,Philadelphia Eagles,12,,,,,,,,,,,,,,,,,,,,,,,,
13241,Week 4,9/29/24,Bank of America Stadium,Carolina Panthers,19,,,,,,,Cincinnati Bengals,10,,,,,,,,,,,,,,,,,,,,,,,,
13242,Week 4,9/29/24,NRG Stadium,Houston Texans,26,,,,,,,Jacksonville Jaguars,2,,,,,,,,,,,,,,,,,,,,,,,,
13243,Week 4,9/29/24,State Farm Stadium,Arizona Cardinals,11,,,,,,,Washington Commanders,18,,,,,,,,,,,,,,,,,,,,,,,,
13244,Week 4,9/29/24,Levi's Stadium,San Francisco 49ers,14,,,,,,,New England Patriots,3,,,,,,,,,,,,,,,,,,,,,,,,
13245,Week 4,9/29/24,Allegiant Stadium,Las Vegas Raiders,1,,,,,,,Cleveland Browns,9,,,,,,,,,,,,,,,,,,,,,,,,
13246,Week 4,9/29/24,SoFi Stadium,Los Angeles Chargers,30,,,,,,,Kansas City Chiefs,17,,,,,,,,,,,,,,,,,,,,,,,,
13247,Week 4,9/30/24,M&T Bank Stadium,Baltimore Ravens,5,,,,,,,Buffalo Bills,20,,,,,,,,,,,,,,,,,,,,,,,,
13248,Week 4,9/30/24,Hard Rock Stadium,Miami Dolphins,25,,,,,,,Tennessee Titans,6,,,,,,,,,,,,,,,,,,,,,,,,
13249,Week 4,10/1/24,Ford Field,Detroit Lions,7,,,,,,,Seattle Seahawks,23,,,,,,,,,,,,,,,,,,,,,,,,
13250,Week 5,10/4/24,Mercedes-Benz Stadium,Atlanta Falcons,8,,,,,,,Tampa Bay Buccaneers,24,,,,,,,,,,,,,,,,,,,,,,,,
13251,Week 5,10/6/24,Tottenham Hotspur Stadium,Minnesota Vikings,32,,,,,,,New York Jets,13,,,,,,,,,,,,,,,,,,,,,,,,
13252,Week 5,10/6/24,Soldier Field,Chicago Bears,16,,,,,,,Carolina Panthers,19,,,,,,,,,,,,,,,,,,,,,,,,
13253,Week 5,10/6/24,Paycor Stadium,Cincinnati Bengals,10,,,,,,,Baltimore Ravens,5,,,,,,,,,,,,,,,,,,,,,,,,
13254,Week 5,10/6/24,Gillette Stadium,New England Patriots,3,,,,,,,Miami Dolphins,25,,,,,,,,,,,,,,,,,,,,,,,,
13255,Week 5,10/6/24,Northwest Stadium,Washington Commanders,18,,,,,,,Cleveland Browns,9,,,,,,,,,,,,,,,,,,,,,,,,
13256,Week 5,10/6/24,EverBank Stadium,Jacksonville Jaguars,2,,,,,,,Indianapolis Colts,21,,,,,,,,,,,,,,,,,,,,,,,,
13257,Week 5,10/6/24,NRG Stadium,Houston Texans,26,,,,,,,Buffalo Bills,20,,,,,,,,,,,,,,,,,,,,,,,,
13258,Week 5,10/6/24,Empower Field at Mile High,Denver Broncos,28,,,,,,,Las Vegas Raiders,1,,,,,,,,,,,,,,,,,,,,,,,,
13259,Week 5,10/6/24,Levi's Stadium,San Francisco 49ers,14,,,,,,,Arizona Cardinals,11,,,,,,,,,,,,,,,,,,,,,,,,
13260,Week 5,10/6/24,SoFi Stadium,Los Angeles Rams,31,,,,,,,Green Bay Packers,15,,,,,,,,,,,,,,,,,,,,,,,,
13261,Week 5,10/6/24,Lumen Field,Seattle Seahawks,23,,,,,,,New York Giants,4,,,,,,,,,,,,,,,,,,,,,,,,
13262,Week 5,10/7/24,Acrisure Stadium,Pittsburgh Steelers,22,,,,,,,Dallas Cowboys,29,,,,,,,,,,,,,,,,,,,,,,,,
13263,Week 5,10/8/24,GEHA Field at Arrowhead Stadium,Kansas City Chiefs,17,,,,,,,New Orleans Saints,27,,,,,,,,,,,,,,,,,,,,,,,,
13264,Week 6,10/11/24,Lumen Field,Seattle Seahawks,23,,,,,,,San Francisco 49ers,14,,,,,,,,,,,,,,,,,,,,,,,,
13265,Week 6,10/13/24,Tottenham Hotspur Stadium,Chicago Bears,16,,,,,,,Jacksonville Jaguars,2,,,,,,,,,,,,,,,,,,,,,,,,
13266,Week 6,10/13/24,Lambeau Field,Green Bay Packers,15,,,,,,,Arizona Cardinals,11,,,,,,,,,,,,,,,,,,,,,,,,
13267,Week 6,10/13/24,Nissan Stadium,Tennessee Titans,6,,,,,,,Indianapolis Colts,21,,,,,,,,,,,,,,,,,,,,,,,,
13268,Week 6,10/13/24,Gillette Stadium,New England Patriots,3,,,,,,,Houston Texans,26,,,,,,,,,,,,,,,,,,,,,,,,
13269,Week 6,10/13/24,Caesars Superdome,New Orleans Saints,27,,,,,,,Tampa Bay Buccaneers,24,,,,,,,,,,,,,,,,,,,,,,,,
13270,Week 6,10/13/24,Lincoln Financial Field,Philadelphia Eagles,12,,,,,,,Cleveland Browns,9,,,,,,,,,,,,,,,,,,,,,,,,
13271,Week 6,10/13/24,M&T Bank Stadium,Baltimore Ravens,5,,,,,,,Washington Commanders,18,,,,,,,,,,,,,,,,,,,,,,,,
13272,Week 6,10/13/24,Empower Field at Mile High,Denver Broncos,28,,,,,,,Los Angeles Chargers,30,,,,,,,,,,,,,,,,,,,,,,,,
13273,Week 6,10/13/24,Allegiant Stadium,Las Vegas Raiders,1,,,,,,,Pittsburgh Steelers,22,,,,,,,,,,,,,,,,,,,,,,,,
13274,Week 6,10/13/24,AT&T Stadium,Dallas Cowboys,29,,,,,,,Detroit Lions,7,,,,,,,,,,,,,,,,,,,,,,,,
13275,Week 6,10/13/24,Bank of America Stadium,Carolina Panthers,19,,,,,,,Atlanta Falcons,8,,,,,,,,,,,,,,,,,,,,,,,,
13276,Week 6,10/14/24,MetLife Stadium,New York Giants,4,,,,,,,Cincinnati Bengals,10,,,,,,,,,,,,,,,,,,,,,,,,
13277,Week 6,10/15/24,MetLife Stadium,New York Jets,13,,,,,,,Buffalo Bills,20,,,,,,,,,,,,,,,,,,,,,,,,
13278,Week 7,10/18/24,Caesars Superdome,New Orleans Saints,27,,,,,,,Denver Broncos,28,,,,,,,,,,,,,,,,,,,,,,,,
13279,Week 7,10/20/24,Wembley Stadium,Jacksonville Jaguars,2,,,,,,,New England Patriots,3,,,,,,,,,,,,,,,,,,,,,,,,
13280,Week 7,10/20/24,Mercedes-Benz Stadium,Atlanta Falcons,8,,,,,,,Seattle Seahawks,23,,,,,,,,,,,,,,,,,,,,,,,,
13281,Week 7,10/20/24,Highmark Stadium,Buffalo Bills,20,,,,,,,Tennessee Titans,6,,,,,,,,,,,,,,,,,,,,,,,,
13282,Week 7,10/20/24,Huntington Bank Field,Cleveland Browns,9,,,,,,,Cincinnati Bengals,10,,,,,,,,,,,,,,,,,,,,,,,,
13283,Week 7,10/20/24,Lambeau Field,Green Bay Packers,15,,,,,,,Houston Texans,26,,,,,,,,,,,,,,,,,,,,,,,,
13284,Week 7,10/20/24,Lucas Oil Stadium,Indianapolis Colts,21,,,,,,,Miami Dolphins,25,,,,,,,,,,,,,,,,,,,,,,,,
13285,Week 7,10/20/24,U.S. Bank Stadium,Minnesota Vikings,32,,,,,,,Detroit Lions,7,,,,,,,,,,,,,,,,,,,,,,,,
13286,Week 7,10/20/24,MetLife Stadium,New York Giants,4,,,,,,,Philadelphia Eagles,12,,,,,,,,,,,,,,,,,,,,,,,,
13287,Week 7,10/20/24,SoFi Stadium,Los Angeles Rams,31,,,,,,,Las Vegas Raiders,1,,,,,,,,,,,,,,,,,,,,,,,,
13288,Week 7,10/20/24,Northwest Stadium,Washington Commanders,18,,,,,,,Carolina Panthers,19,,,,,,,,,,,,,,,,,,,,,,,,
13289,Week 7,10/20/24,Levi's Stadium,San Francisco 49ers,14,,,,,,,Kansas City Chiefs,17,,,,,,,,,,,,,,,,,,,,,,,,
13290,Week 7,10/21/24,Acrisure Stadium,Pittsburgh Steelers,22,,,,,,,New York Jets,13,,,,,,,,,,,,,,,,,,,,,,,,
13291,Week 7,10/22/24,Raymond James Stadium,Tampa Bay Buccaneers,24,,,,,,,Baltimore Ravens,5,,,,,,,,,,,,,,,,,,,,,,,,
13292,Week 7,10/22/24,State Farm Stadium,Arizona Cardinals,11,,,,,,,Los Angeles Chargers,30,,,,,,,,,,,,,,,,,,,,,,,,
13293,Week 8,10/25/24,SoFi Stadium,Los Angeles Rams,31,,,,,,,Minnesota Vikings,32,,,,,,,,,,,,,,,,,,,,,,,,
13294,Week 8,10/27/24,Huntington Bank Field,Cleveland Browns,9,,,,,,,Baltimore Ravens,5,,,,,,,,,,,,,,,,,,,,,,,,
13295,Week 8,10/27/24,Ford Field,Detroit Lions,7,,,,,,,Tennessee Titans,6,,,,,,,,,,,,,,,,,,,,,,,,
13296,Week 8,10/27/24,Hard Rock Stadium,Miami Dolphins,25,,,,,,,Arizona Cardinals,11,,,,,,,,,,,,,,,,,,,,,,,,
13297,Week 8,10/27/24,Gillette Stadium,New England Patriots,3,,,,,,,New York Jets,13,,,,,,,,,,,,,,,,,,,,,,,,
13298,Week 8,10/27/24,Raymond James Stadium,Tampa Bay Buccaneers,24,,,,,,,Atlanta Falcons,8,,,,,,,,,,,,,,,,,,,,,,,,
13299,Week 8,10/27/24,Northwest Stadium,Washington Commanders,18,,,,,,,Chicago Bears,16,,,,,,,,,,,,,,,,,,,,,,,,
13300,Week 8,10/27/24,EverBank Stadium,Jacksonville Jaguars,2,,,,,,,Green Bay Packers,15,,,,,,,,,,,,,,,,,,,,,,,,
13301,Week 8,10/27/24,NRG Stadium,Houston Texans,26,,,,,,,Indianapolis Colts,21,,,,,,,,,,,,,,,,,,,,,,,,
13302,Week 8,10/27/24,SoFi Stadium,Los Angeles Chargers,30,,,,,,,New Orleans Saints,27,,,,,,,,,,,,,,,,,,,,,,,,
13303,Week 8,10/27/24,Lumen Field,Seattle Seahawks,23,,,,,,,Buffalo Bills,20,,,,,,,,,,,,,,,,,,,,,,,,
13304,Week 8,10/27/24,Paycor Stadium,Cincinnati Bengals,10,,,,,,,Philadelphia Eagles,12,,,,,,,,,,,,,,,,,,,,,,,,
13305,Week 8,10/27/24,Empower Field at Mile High,Denver Broncos,28,,,,,,,Carolina Panthers,19,,,,,,,,,,,,,,,,,,,,,,,,
13306,Week 8,10/27/24,Allegiant Stadium,Las Vegas Raiders,1,,,,,,,Kansas City Chiefs,17,,,,,,,,,,,,,,,,,,,,,,,,
13307,Week 8,10/28/24,Levi's Stadium,San Francisco 49ers,14,,,,,,,Dallas Cowboys,29,,,,,,,,,,,,,,,,,,,,,,,,
13308,Week 8,10/29/24,Acrisure Stadium,Pittsburgh Steelers,22,,,,,,,New York Giants,4,,,,,,,,,,,,,,,,,,,,,,,,
13309,Week 9,11/1/24,MetLife Stadium,New York Jets,13,,,,,,,Houston Texans,26,,,,,,,,,,,,,,,,,,,,,,,,
13310,Week 9,11/3/24,Mercedes-Benz Stadium,Atlanta Falcons,8,,,,,,,Dallas Cowboys,29,,,,,,,,,,,,,,,,,,,,,,,,
13311,Week 9,11/3/24,Highmark Stadium,Buffalo Bills,20,,,,,,,Miami Dolphins,25,,,,,,,,,,,,,,,,,,,,,,,,
13312,Week 9,11/3/24,Paycor Stadium,Cincinnati Bengals,10,,,,,,,Las Vegas Raiders,1,,,,,,,,,,,,,,,,,,,,,,,,
13313,Week 9,11/3/24,Huntington Bank Field,Cleveland Browns,9,,,,,,,Los Angeles Chargers,30,,,,,,,,,,,,,,,,,,,,,,,,
13314,Week 9,11/3/24,Nissan Stadium,Tennessee Titans,6,,,,,,,New England Patriots,3,,,,,,,,,,,,,,,,,,,,,,,,
13315,Week 9,11/3/24,U.S. Bank Stadium,Minnesota Vikings,32,,,,,,,Indianapolis Colts,21,,,,,,,,,,,,,,,,,,,,,,,,
13316,Week 9,11/3/24,MetLife Stadium,New York Giants,4,,,,,,,Washington Commanders,18,,,,,,,,,,,,,,,,,,,,,,,,
13317,Week 9,11/3/24,Bank of America Stadium,Carolina Panthers,19,,,,,,,New Orleans Saints,27,,,,,,,,,,,,,,,,,,,,,,,,
13318,Week 9,11/3/24,M&T Bank Stadium,Baltimore Ravens,5,,,,,,,Denver Broncos,28,,,,,,,,,,,,,,,,,,,,,,,,
13319,Week 9,11/3/24,State Farm Stadium,Arizona Cardinals,11,,,,,,,Chicago Bears,16,,,,,,,,,,,,,,,,,,,,,,,,
13320,Week 9,11/3/24,Lambeau Field,Green Bay Packers,15,,,,,,,Detroit Lions,7,,,,,,,,,,,,,,,,,,,,,,,,
13321,Week 9,11/3/24,Lumen Field,Seattle Seahawks,23,,,,,,,Los Angeles Rams,31,,,,,,,,,,,,,,,,,,,,,,,,
13322,Week 9,11/4/24,Lincoln Financial Field,Philadelphia Eagles,12,,,,,,,Jacksonville Jaguars,2,,,,,,,,,,,,,,,,,,,,,,,,
13323,Week 9,11/5/24,GEHA Field at Arrowhead Stadium,Kansas City Chiefs,17,,,,,,,Tampa Bay Buccaneers,24,,,,,,,,,,,,,,,,,,,,,,,,
13324,Week 10,11/8/24,M&T Bank Stadium,Baltimore Ravens,5,,,,,,,Cincinnati Bengals,10,,,,,,,,,,,,,,,,,,,,,,,,
13325,Week 10,11/10/24,Allianz Arena,Carolina Panthers,19,,,,,,,New York Giants,4,,,,,,,,,,,,,,,,,,,,,,,,
13326,Week 10,11/10/24,Soldier Field,Chicago Bears,16,,,,,,,New England Patriots,3,,,,,,,,,,,,,,,,,,,,,,,,
13327,Week 10,11/10/24,Lucas Oil Stadium,Indianapolis Colts,21,,,,,,,Buffalo Bills,20,,,,,,,,,,,,,,,,,,,,,,,,
13328,Week 10,11/10/24,GEHA Field at Arrowhead Stadium,Kansas City Chiefs,17,,,,,,,Denver Broncos,28,,,,,,,,,,,,,,,,,,,,,,,,
13329,Week 10,11/10/24,Caesars Superdome,New Orleans Saints,27,,,,,,,Atlanta Falcons,8,,,,,,,,,,,,,,,,,,,,,,,,
13330,Week 10,11/10/24,Raymond James Stadium,Tampa Bay Buccaneers,24,,,,,,,San Francisco 49ers,14,,,,,,,,,,,,,,,,,,,,,,,,
13331,Week 10,11/10/24,Northwest Stadium,Washington Commanders,18,,,,,,,Pittsburgh Steelers,22,,,,,,,,,,,,,,,,,,,,,,,,
13332,Week 10,11/10/24,EverBank Stadium,Jacksonville Jaguars,2,,,,,,,Minnesota Vikings,32,,,,,,,,,,,,,,,,,,,,,,,,
13333,Week 10,11/10/24,SoFi Stadium,Los Angeles Chargers,30,,,,,,,Tennessee Titans,6,,,,,,,,,,,,,,,,,,,,,,,,
13334,Week 10,11/10/24,AT&T Stadium,Dallas Cowboys,29,,,,,,,Philadelphia Eagles,12,,,,,,,,,,,,,,,,,,,,,,,,
13335,Week 10,11/10/24,State Farm Stadium,Arizona Cardinals,11,,,,,,,New York Jets,13,,,,,,,,,,,,,,,,,,,,,,,,
13336,Week 10,11/11/24,NRG Stadium,Houston Texans,26,,,,,,,Detroit Lions,7,,,,,,,,,,,,,,,,,,,,,,,,
13337,Week 10,11/12/24,SoFi Stadium,Los Angeles Rams,31,,,,,,,Miami Dolphins,25,,,,,,,,,,,,,,,,,,,,,,,,
13338,Week 11,11/15/24,Lincoln Financial Field,Philadelphia Eagles,12,,,,,,,Washington Commanders,18,,,,,,,,,,,,,,,,,,,,,,,,
13339,Week 11,11/17/24,Soldier Field,Chicago Bears,16,,,,,,,Green Bay Packers,15,,,,,,,,,,,,,,,,,,,,,,,,
13340,Week 11,11/17/24,Ford Field,Detroit Lions,7,,,,,,,Jacksonville Jaguars,2,,,,,,,,,,,,,,,,,,,,,,,,
13341,Week 11,11/17/24,Nissan Stadium,Tennessee Titans,6,,,,,,,Minnesota Vikings,32,,,,,,,,,,,,,,,,,,,,,,,,
13342,Week 11,11/17/24,Hard Rock Stadium,Miami Dolphins,25,,,,,,,Las Vegas Raiders,1,,,,,,,,,,,,,,,,,,,,,,,,
13343,Week 11,11/17/24,Gillette Stadium,New England Patriots,3,,,,,,,Los Angeles Rams,31,,,,,,,,,,,,,,,,,,,,,,,,
13344,Week 11,11/17/24,Caesars Superdome,New Orleans Saints,27,,,,,,,Cleveland Browns,9,,,,,,,,,,,,,,,,,,,,,,,,
13345,Week 11,11/17/24,Acrisure Stadium,Pittsburgh Steelers,22,,,,,,,Baltimore Ravens,5,,,,,,,,,,,,,,,,,,,,,,,,
13346,Week 11,11/17/24,Empower Field at Mile High,Denver Broncos,28,,,,,,,Atlanta Falcons,8,,,,,,,,,,,,,,,,,,,,,,,,
13347,Week 11,11/17/24,Levi's Stadium,San Francisco 49ers,14,,,,,,,Seattle Seahawks,23,,,,,,,,,,,,,,,,,,,,,,,,
13348,Week 11,11/17/24,Highmark Stadium,Buffalo Bills,20,,,,,,,Kansas City Chiefs,17,,,,,,,,,,,,,,,,,,,,,,,,
13349,Week 11,11/17/24,SoFi Stadium,Los Angeles Chargers,30,,,,,,,Cincinnati Bengals,10,,,,,,,,,,,,,,,,,,,,,,,,
13350,Week 11,11/18/24,MetLife Stadium,New York Jets,13,,,,,,,Indianapolis Colts,21,,,,,,,,,,,,,,,,,,,,,,,,
13351,Week 11,11/19/24,AT&T Stadium,Dallas Cowboys,29,,,,,,,Houston Texans,26,,,,,,,,,,,,,,,,,,,,,,,,
13352,Week 12,11/22/24,Huntington Bank Field,Cleveland Browns,9,,,,,,,Pittsburgh Steelers,22,,,,,,,,,,,,,,,,,,,,,,,,
13353,Week 12,11/24/24,Soldier Field,Chicago Bears,16,,,,,,,Minnesota Vikings,32,,,,,,,,,,,,,,,,,,,,,,,,
13354,Week 12,11/24/24,Lucas Oil Stadium,Indianapolis Colts,21,,,,,,,Detroit Lions,7,,,,,,,,,,,,,,,,,,,,,,,,
13355,Week 12,11/24/24,Hard Rock Stadium,Miami Dolphins,25,,,,,,,New England Patriots,3,,,,,,,,,,,,,,,,,,,,,,,,
13356,Week 12,11/24/24,MetLife Stadium,New York Giants,4,,,,,,,Tampa Bay Buccaneers,24,,,,,,,,,,,,,,,,,,,,,,,,
13357,Week 12,11/24/24,Northwest Stadium,Washington Commanders,18,,,,,,,Dallas Cowboys,29,,,,,,,,,,,,,,,,,,,,,,,,
13358,Week 12,11/24/24,Bank of America Stadium,Carolina Panthers,19,,,,,,,Kansas City Chiefs,17,,,,,,,,,,,,,,,,,,,,,,,,
13359,Week 12,11/24/24,NRG Stadium,Houston Texans,26,,,,,,,Tennessee Titans,6,,,,,,,,,,,,,,,,,,,,,,,,
13360,Week 12,11/24/24,Allegiant Stadium,Las Vegas Raiders,1,,,,,,,Denver Broncos,28,,,,,,,,,,,,,,,,,,,,,,,,
13361,Week 12,11/24/24,Lambeau Field,Green Bay Packers,15,,,,,,,San Francisco 49ers,14,,,,,,,,,,,,,,,,,,,,,,,,
13362,Week 12,11/24/24,Lumen Field,Seattle Seahawks,23,,,,,,,Arizona Cardinals,11,,,,,,,,,,,,,,,,,,,,,,,,
13363,Week 12,11/25/24,SoFi Stadium,Los Angeles Rams,31,,,,,,,Philadelphia Eagles,12,,,,,,,,,,,,,,,,,,,,,,,,
13364,Week 12,11/26/24,SoFi Stadium,Los Angeles Chargers,30,,,,,,,Baltimore Ravens,5,,,,,,,,,,,,,,,,,,,,,,,,
13365,Week 13,11/28/24,Ford Field,Detroit Lions,7,,,,,,,Chicago Bears,16,,,,,,,,,,,,,,,,,,,,,,,,
13366,Week 13,11/28/24,AT&T Stadium,Dallas Cowboys,29,,,,,,,New York Giants,4,,,,,,,,,,,,,,,,,,,,,,,,
13367,Week 13,11/29/24,Lambeau Field,Green Bay Packers,15,,,,,,,Miami Dolphins,25,,,,,,,,,,,,,,,,,,,,,,,,
13368,Week 13,11/29/24,GEHA Field at Arrowhead Stadium,Kansas City Chiefs,17,,,,,,,Las Vegas Raiders,1,,,,,,,,,,,,,,,,,,,,,,,,
13369,Week 13,12/1/24,Mercedes-Benz Stadium,Atlanta Falcons,8,,,,,,,Los Angeles Chargers,30,,,,,,,,,,,,,,,,,,,,,,,,
13370,Week 13,12/1/24,Paycor Stadium,Cincinnati Bengals,10,,,,,,,Pittsburgh Steelers,22,,,,,,,,,,,,,,,,,,,,,,,,
13371,Week 13,12/1/24,U.S. Bank Stadium,Minnesota Vikings,32,,,,,,,Arizona Cardinals,11,,,,,,,,,,,,,,,,,,,,,,,,
13372,Week 13,12/1/24,Gillette Stadium,New England Patriots,3,,,,,,,Indianapolis Colts,21,,,,,,,,,,,,,,,,,,,,,,,,
13373,Week 13,12/1/24,MetLife Stadium,New York Jets,13,,,,,,,Seattle Seahawks,23,,,,,,,,,,,,,,,,,,,,,,,,
13374,Week 13,12/1/24,Northwest Stadium,Washington Commanders,18,,,,,,,Tennessee Titans,6,,,,,,,,,,,,,,,,,,,,,,,,
13375,Week 13,12/1/24,EverBank Stadium,Jacksonville Jaguars,2,,,,,,,Houston Texans,26,,,,,,,,,,,,,,,,,,,,,,,,
13376,Week 13,12/1/24,Caesars Superdome,New Orleans Saints,27,,,,,,,Los Angeles Rams,31,,,,,,,,,,,,,,,,,,,,,,,,
13377,Week 13,12/1/24,Bank of America Stadium,Carolina Panthers,19,,,,,,,Tampa Bay Buccaneers,24,,,,,,,,,,,,,,,,,,,,,,,,
13378,Week 13,12/1/24,M&T Bank Stadium,Baltimore Ravens,5,,,,,,,Philadelphia Eagles,12,,,,,,,,,,,,,,,,,,,,,,,,
13379,Week 13,12/2/24,Highmark Stadium,Buffalo Bills,20,,,,,,,San Francisco 49ers,14,,,,,,,,,,,,,,,,,,,,,,,,
13380,Week 13,12/3/24,Empower Field at Mile High,Denver Broncos,28,,,,,,,Cleveland Browns,9,,,,,,,,,,,,,,,,,,,,,,,,
13381,Week 14,12/6/24,Ford Field,Detroit Lions,7,,,,,,,Green Bay Packers,15,,,,,,,,,,,,,,,,,,,,,,,,
13382,Week 14,12/8/24,Nissan Stadium,Tennessee Titans,6,,,,,,,Jacksonville Jaguars,2,,,,,,,,,,,,,,,,,,,,,,,,
13383,Week 14,12/8/24,Hard Rock Stadium,Miami Dolphins,25,,,,,,,New York Jets,13,,,,,,,,,,,,,,,,,,,,,,,,
13384,Week 14,12/8/24,U.S. Bank Stadium,Minnesota Vikings,32,,,,,,,Atlanta Falcons,8,,,,,,,,,,,,,,,,,,,,,,,,
13385,Week 14,12/8/24,MetLife Stadium,New York Giants,4,,,,,,,New Orleans Saints,27,,,,,,,,,,,,,,,,,,,,,,,,
13386,Week 14,12/8/24,Lincoln Financial Field,Philadelphia Eagles,12,,,,,,,Carolina Panthers,19,,,,,,,,,,,,,,,,,,,,,,,,
13387,Week 14,12/8/24,Acrisure Stadium,Pittsburgh Steelers,22,,,,,,,Cleveland Browns,9,,,,,,,,,,,,,,,,,,,,,,,,
13388,Week 14,12/8/24,Raymond James Stadium,Tampa Bay Buccaneers,24,,,,,,,Las Vegas Raiders,1,,,,,,,,,,,,,,,,,,,,,,,,
13389,Week 14,12/8/24,State Farm Stadium,Arizona Cardinals,11,,,,,,,Seattle Seahawks,23,,,,,,,,,,,,,,,,,,,,,,,,
13390,Week 14,12/8/24,SoFi Stadium,Los Angeles Rams,31,,,,,,,Buffalo Bills,20,,,,,,,,,,,,,,,,,,,,,,,,
13391,Week 14,12/8/24,Levi's Stadium,San Francisco 49ers,14,,,,,,,Chicago Bears,16,,,,,,,,,,,,,,,,,,,,,,,,
13392,Week 14,12/9/24,GEHA Field at Arrowhead Stadium,Kansas City Chiefs,17,,,,,,,Los Angeles Chargers,30,,,,,,,,,,,,,,,,,,,,,,,,
13393,Week 14,12/10/24,AT&T Stadium,Dallas Cowboys,29,,,,,,,Cincinnati Bengals,10,,,,,,,,,,,,,,,,,,,,,,,,
13394,Week 15,12/13/24,Levi's Stadium,San Francisco 49ers,14,,,,,,,Los Angeles Rams,31,,,,,,,,,,,,,,,,,,,,,,,,
13395,Week 15,12/15/24,Huntington Bank Field,Cleveland Browns,9,,,,,,,Kansas City Chiefs,17,,,,,,,,,,,,,,,,,,,,,,,,
13396,Week 15,12/15/24,Nissan Stadium,Tennessee Titans,6,,,,,,,Cincinnati Bengals,10,,,,,,,,,,,,,,,,,,,,,,,,
13397,Week 15,12/15/24,Caesars Superdome,New Orleans Saints,27,,,,,,,Washington Commanders,18,,,,,,,,,,,,,,,,,,,,,,,,
13398,Week 15,12/15/24,MetLife Stadium,New York Giants,4,,,,,,,Baltimore Ravens,5,,,,,,,,,,,,,,,,,,,,,,,,
13399,Week 15,12/15/24,Bank of America Stadium,Carolina Panthers,19,,,,,,,Dallas Cowboys,29,,,,,,,,,,,,,,,,,,,,,,,,
13400,Week 15,12/15/24,EverBank Stadium,Jacksonville Jaguars,2,,,,,,,New York Jets,13,,,,,,,,,,,,,,,,,,,,,,,,
13401,Week 15,12/15/24,NRG Stadium,Houston Texans,26,,,,,,,Miami Dolphins,25,,,,,,,,,,,,,,,,,,,,,,,,
13402,Week 15,12/15/24,Empower Field at Mile High,Denver Broncos,28,,,,,,,Indianapolis Colts,21,,,,,,,,,,,,,,,,,,,,,,,,
13403,Week 15,12/15/24,Ford Field,Detroit Lions,7,,,,,,,Buffalo Bills,20,,,,,,,,,,,,,,,,,,,,,,,,
13404,Week 15,12/15/24,Lincoln Financial Field,Philadelphia Eagles,12,,,,,,,Pittsburgh Steelers,22,,,,,,,,,,,,,,,,,,,,,,,,
13405,Week 15,12/15/24,State Farm Stadium,Arizona Cardinals,11,,,,,,,New England Patriots,3,,,,,,,,,,,,,,,,,,,,,,,,
13406,Week 15,12/15/24,SoFi Stadium,Los Angeles Chargers,30,,,,,,,Tampa Bay Buccaneers,24,,,,,,,,,,,,,,,,,,,,,,,,
13407,Week 15,12/16/24,Lumen Field,Seattle Seahawks,23,,,,,,,Green Bay Packers,15,,,,,,,,,,,,,,,,,,,,,,,,
13408,Week 15,12/17/24,U.S. Bank Stadium,Minnesota Vikings,32,,,,,,,Chicago Bears,16,,,,,,,,,,,,,,,,,,,,,,,,
13409,Week 15,12/17/24,Allegiant Stadium,Las Vegas Raiders,1,,,,,,,Atlanta Falcons,8,,,,,,,,,,,,,,,,,,,,,,,,
13410,Week 16,12/20/24,Paycor Stadium,Cincinnati Bengals,10,,,,,,,Cleveland Browns,9,,,,,,,,,,,,,,,,,,,,,,,,
13411,Week 16,12/21/24,GEHA Field at Arrowhead Stadium,Kansas City Chiefs,17,,,,,,,Houston Texans,26,,,,,,,,,,,,,,,,,,,,,,,,
13412,Week 16,12/21/24,M&T Bank Stadium,Baltimore Ravens,5,,,,,,,Pittsburgh Steelers,22,,,,,,,,,,,,,,,,,,,,,,,,
13413,Week 16,12/22/24,Mercedes-Benz Stadium,Atlanta Falcons,8,,,,,,,New York Giants,4,,,,,,,,,,,,,,,,,,,,,,,,
13414,Week 16,12/22/24,Highmark Stadium,Buffalo Bills,20,,,,,,,New England Patriots,3,,,,,,,,,,,,,,,,,,,,,,,,
13415,Week 16,12/22/24,Soldier Field,Chicago Bears,16,,,,,,,Detroit Lions,7,,,,,,,,,,,,,,,,,,,,,,,,
13416,Week 16,12/22/24,Lucas Oil Stadium,Indianapolis Colts,21,,,,,,,Tennessee Titans,6,,,,,,,,,,,,,,,,,,,,,,,,
13417,Week 16,12/22/24,MetLife Stadium,New York Jets,13,,,,,,,Los Angeles Rams,31,,,,,,,,,,,,,,,,,,,,,,,,
13418,Week 16,12/22/24,Northwest Stadium,Washington Commanders,18,,,,,,,Philadelphia Eagles,12,,,,,,,,,,,,,,,,,,,,,,,,
13419,Week 16,12/22/24,Bank of America Stadium,Carolina Panthers,19,,,,,,,Arizona Cardinals,11,,,,,,,,,,,,,,,,,,,,,,,,
13420,Week 16,12/22/24,SoFi Stadium,Los Angeles Chargers,30,,,,,,,Denver Broncos,28,,,,,,,,,,,,,,,,,,,,,,,,
13421,Week 16,12/22/24,Lumen Field,Seattle Seahawks,23,,,,,,,Minnesota Vikings,32,,,,,,,,,,,,,,,,,,,,,,,,
13422,Week 16,12/22/24,Allegiant Stadium,Las Vegas Raiders,1,,,,,,,Jacksonville Jaguars,2,,,,,,,,,,,,,,,,,,,,,,,,
13423,Week 16,12/22/24,Hard Rock Stadium,Miami Dolphins,25,,,,,,,San Francisco 49ers,14,,,,,,,,,,,,,,,,,,,,,,,,
13424,Week 16,12/23/24,AT&T Stadium,Dallas Cowboys,29,,,,,,,Tampa Bay Buccaneers,24,,,,,,,,,,,,,,,,,,,,,,,,
13425,Week 16,12/24/24,Lambeau Field,Green Bay Packers,15,,,,,,,New Orleans Saints,27,,,,,,,,,,,,,,,,,,,,,,,,
13426,Week 17,12/25/24,Acrisure Stadium,Pittsburgh Steelers,22,,,,,,,Kansas City Chiefs,17,,,,,,,,,,,,,,,,,,,,,,,,
13427,Week 17,12/25/24,NRG Stadium,Houston Texans,26,,,,,,,Baltimore Ravens,5,,,,,,,,,,,,,,,,,,,,,,,,
13428,Week 17,12/27/24,Soldier Field,Chicago Bears,16,,,,,,,Seattle Seahawks,23,,,,,,,,,,,,,,,,,,,,,,,,
13429,Week 17,12/29/24,Paycor Stadium,Cincinnati Bengals,10,,,,,,,Denver Broncos,28,,,,,,,,,,,,,,,,,,,,,,,,
13430,Week 17,12/29/24,SoFi Stadium,Los Angeles Rams,31,,,,,,,Arizona Cardinals,11,,,,,,,,,,,,,,,,,,,,,,,,
13431,Week 17,12/29/24,Gillette Stadium,New England Patriots,3,,,,,,,Los Angeles Chargers,30,,,,,,,,,,,,,,,,,,,,,,,,
13432,Week 17,12/29/24,MetLife Stadium,New York Giants,4,,,,,,,Indianapolis Colts,21,,,,,,,,,,,,,,,,,,,,,,,,
13433,Week 17,12/29/24,Northwest Stadium,Washington Commanders,18,,,,,,,Atlanta Falcons,8,,,,,,,,,,,,,,,,,,,,,,,,
13434,Week 17,12/29/24,Highmark Stadium,Buffalo Bills,20,,,,,,,New York Jets,13,,,,,,,,,,,,,,,,,,,,,,,,
13435,Week 17,12/29/24,U.S. Bank Stadium,Minnesota Vikings,32,,,,,,,Green Bay Packers,15,,,,,,,,,,,,,,,,,,,,,,,,
13436,Week 17,12/29/24,Caesars Superdome,New Orleans Saints,27,,,,,,,Las Vegas Raiders,1,,,,,,,,,,,,,,,,,,,,,,,,
13437,Week 17,12/29/24,Raymond James Stadium,Tampa Bay Buccaneers,24,,,,,,,Carolina Panthers,19,,,,,,,,,,,,,,,,,,,,,,,,
13438,Week 17,12/29/24,EverBank Stadium,Jacksonville Jaguars,2,,,,,,,Tennessee Titans,6,,,,,,,,,,,,,,,,,,,,,,,,
13439,Week 17,12/29/24,Lincoln Financial Field,Philadelphia Eagles,12,,,,,,,Dallas Cowboys,29,,,,,,,,,,,,,,,,,,,,,,,,
13440,Week 17,12/30/24,Huntington Bank Field,Cleveland Browns,9,,,,,,,Miami Dolphins,25,,,,,,,,,,,,,,,,,,,,,,,,
13441,Week 17,12/31/24,Levi's Stadium,San Francisco 49ers,14,,,,,,,Detroit Lions,7,,,,,,,,,,,,,,,,,,,,,,,,
13442,Week 18,1/5/25,Mercedes-Benz Stadium,Atlanta Falcons,8,,,,,,,Carolina Panthers,19,,,,,,,,,,,,,,,,,,,,,,,,
13443,Week 18,1/5/25,AT&T Stadium,Dallas Cowboys,29,,,,,,,Washington Commanders,18,,,,,,,,,,,,,,,,,,,,,,,,
13444,Week 18,1/5/25,Empower Field at Mile High,Denver Broncos,28,,,,,,,Kansas City Chiefs,17,,,,,,,,,,,,,,,,,,,,,,,,
13445,Week 18,1/5/25,Ford Field,Detroit Lions,7,,,,,,,Minnesota Vikings,32,,,,,,,,,,,,,,,,,,,,,,,,
13446,Week 18,1/5/25,Lambeau Field,Green Bay Packers,15,,,,,,,Chicago Bears,16,,,,,,,,,,,,,,,,,,,,,,,,
13447,Week 18,1/5/25,Nissan Stadium,Tennessee Titans,6,,,,,,,Houston Texans,26,,,,,,,,,,,,,,,,,,,,,,,,
13448,Week 18,1/5/25,Lucas Oil Stadium,Indianapolis Colts,21,,,,,,,Jacksonville Jaguars,2,,,,,,,,,,,,,,,,,,,,,,,,
13449,Week 18,1/5/25,Allegiant Stadium,Las Vegas Raiders,1,,,,,,,Los Angeles Chargers,30,,,,,,,,,,,,,,,,,,,,,,,,
13450,Week 18,1/5/25,SoFi Stadium,Los Angeles Rams,31,,,,,,,Seattle Seahawks,23,,,,,,,,,,,,,,,,,,,,,,,,
13451,Week 18,1/5/25,Gillette Stadium,New England Patriots,3,,,,,,,Buffalo Bills,20,,,,,,,,,,,,,,,,,,,,,,,,
13452,Week 18,1/5/25,MetLife Stadium,New York Jets,13,,,,,,,Miami Dolphins,25,,,,,,,,,,,,,,,,,,,,,,,,
13453,Week 18,1/5/25,Lincoln Financial Field,Philadelphia Eagles,12,,,,,,,New York Giants,4,,,,,,,,,,,,,,,,,,,,,,,,
13454,Week 18,1/5/25,State Farm Stadium,Arizona Cardinals,11,,,,,,,San Francisco 49ers,14,,,,,,,,,,,,,,,,,,,,,,,,
13455,Week 18,1/5/25,Acrisure Stadium,Pittsburgh Steelers,22,,,,,,,Cincinnati Bengals,10,,,,,,,,,,,,,,,,,,,,,,,,
13456,Week 18,1/5/25,Raymond James Stadium,Tampa Bay Buccaneers,24,,,,,,,New Orleans Saints,27,,,,,,,,,,,,,,,,,,,,,,,,
13457,Week 18,1/5/25,M&T Bank Stadium,Baltimore Ravens,5,,,,,,,Cleveland Browns,9,,,,,,,,,,,,,,,,,,,,,,,,